Entry ID,Date,Transaction Type,Account Debited,Account Credited,Amount,Narration
1001,2024-01-01,Rent,Rent Expense,Bank Account,12518.21,Monthly rent paid for office space
1002,2024-01-02,Interest Income,Bank Account,Interest Income,13326.25,Interest received from bank
1003,2024-01-03,Sales,Accounts Receivable,Sales Revenue,18429.47,Credit sale to customer Nova Enterprises
1004,2024-01-04,Loan Repayment,Loan Payable,Bank Account,18887.25,Loan repayment to bank
1005,2024-01-05,Payroll,Salaries Expense,Bank Account,12545.34,Salary paid to employees
1006,2024-01-06,Rent,Rent Expense,Bank Account,15041.96,Monthly rent paid for office space
1007,2024-01-07,Loan Repayment,Loan Payable,Bank Account,4738.23,Loan repayment to bank
1008,2024-01-08,Rent,Rent Expense,Bank Account,15410.58,Monthly rent paid for office space
1009,2024-01-09,Rent,Rent Expense,Bank Account,11222.69,Monthly rent paid for office space
1010,2024-01-10,Depreciation,Depreciation Expense,Accumulated Depreciation,15788.3,Monthly depreciation for asset
1011,2024-01-11,Interest Income,Bank Account,Interest Income,2313.03,Interest received from bank
1012,2024-01-12,Purchase,Inventory,Accounts Payable,1930.97,Raw materials purchased from supplier BrightTech
1013,2024-01-13,Interest Income,Bank Account,Interest Income,15972.43,Interest received from bank
1014,2024-01-14,Sales,Accounts Receivable,Sales Revenue,3974.64,Credit sale to customer Global Suppliers
1015,2024-01-15,Rent,Rent Expense,Bank Account,1959.69,Monthly rent paid for office space
1016,2024-01-16,Loan Repayment,Loan Payable,Bank Account,7553.85,Loan repayment to bank
1017,2024-01-17,Cash Sale,Cash Account,Sales Revenue,14978.63,Cash sale to customer
1018,2024-01-18,Interest Income,Bank Account,Interest Income,18048.53,Interest received from bank
1019,2024-01-19,Purchase,Inventory,Accounts Payable,14330.22,Raw materials purchased from supplier XYZ Corp.
1020,2024-01-20,Rent,Rent Expense,Bank Account,16348.66,Monthly rent paid for office space
1021,2024-01-21,Cash Sale,Cash Account,Sales Revenue,5755.65,Cash sale to customer
1022,2024-01-22,Cash Sale,Cash Account,Sales Revenue,19956.25,Cash sale to customer
1023,2024-01-23,Depreciation,Depreciation Expense,Accumulated Depreciation,3818.98,Monthly depreciation for asset
1024,2024-01-24,Sales,Accounts Receivable,Sales Revenue,16467.97,Credit sale to customer BrightTech
1025,2024-01-25,Depreciation,Depreciation Expense,Accumulated Depreciation,1146.15,Monthly depreciation for asset
1026,2024-01-26,Purchase,Inventory,Accounts Payable,7725.7,Raw materials purchased from supplier Global Suppliers
1027,2024-01-27,Cash Sale,Cash Account,Sales Revenue,9458.96,Cash sale to customer
1028,2024-01-28,Sales,Accounts Receivable,Sales Revenue,11570.19,Credit sale to customer XYZ Corp.
1029,2024-01-29,Payroll,Salaries Expense,Bank Account,8061.37,Salary paid to employees
1030,2024-01-30,Depreciation,Depreciation Expense,Accumulated Depreciation,1110.97,Monthly depreciation for asset
1031,2024-01-31,Interest Income,Bank Account,Interest Income,12357.85,Interest received from bank
1032,2024-02-01,Interest Income,Bank Account,Interest Income,7801.26,Interest received from bank
1033,2024-02-02,Depreciation,Depreciation Expense,Accumulated Depreciation,6625.24,Monthly depreciation for asset
1034,2024-02-03,Sales,Accounts Receivable,Sales Revenue,3359.97,Credit sale to customer BrightTech
1035,2024-02-04,Payroll,Salaries Expense,Bank Account,16652.14,Salary paid to employees
1036,2024-02-05,Rent,Rent Expense,Bank Account,8043.09,Monthly rent paid for office space
1037,2024-02-06,Interest Income,Bank Account,Interest Income,10658.37,Interest received from bank
1038,2024-02-07,Depreciation,Depreciation Expense,Accumulated Depreciation,16667.81,Monthly depreciation for asset
1039,2024-02-08,Loan Repayment,Loan Payable,Bank Account,14757.58,Loan repayment to bank
1040,2024-02-09,Cash Sale,Cash Account,Sales Revenue,7402.23,Cash sale to customer
1041,2024-02-10,Interest Income,Bank Account,Interest Income,14514.47,Interest received from bank
1042,2024-02-11,Loan Repayment,Loan Payable,Bank Account,2411.14,Loan repayment to bank
1043,2024-02-12,Cash Sale,Cash Account,Sales Revenue,14360.51,Cash sale to customer
1044,2024-02-13,Loan Repayment,Loan Payable,Bank Account,15120.62,Loan repayment to bank
1045,2024-02-14,Cash Sale,Cash Account,Sales Revenue,10582.86,Cash sale to customer
1046,2024-02-15,Depreciation,Depreciation Expense,Accumulated Depreciation,16369.84,Monthly depreciation for asset
1047,2024-02-16,Depreciation,Depreciation Expense,Accumulated Depreciation,16386.46,Monthly depreciation for asset
1048,2024-02-17,Depreciation,Depreciation Expense,Accumulated Depreciation,10722.22,Monthly depreciation for asset
1049,2024-02-18,Loan Repayment,Loan Payable,Bank Account,14440.14,Loan repayment to bank
1050,2024-02-19,Purchase,Inventory,Accounts Payable,14856.12,Raw materials purchased from supplier XYZ Corp.
1051,2024-02-20,Sales,Accounts Receivable,Sales Revenue,19196.68,Credit sale to customer ABC Pvt. Ltd.
1052,2024-02-21,Rent,Rent Expense,Bank Account,14226.14,Monthly rent paid for office space
1053,2024-02-22,Cash Sale,Cash Account,Sales Revenue,1112.28,Cash sale to customer
1054,2024-02-23,Loan Repayment,Loan Payable,Bank Account,14698.01,Loan repayment to bank
1055,2024-02-24,Interest Income,Bank Account,Interest Income,19870.99,Interest received from bank
1056,2024-02-25,Rent,Rent Expense,Bank Account,16356.67,Monthly rent paid for office space
1057,2024-02-26,Interest Income,Bank Account,Interest Income,8255.4,Interest received from bank
1058,2024-02-27,Cash Sale,Cash Account,Sales Revenue,12952.45,Cash sale to customer
1059,2024-02-28,Purchase,Inventory,Accounts Payable,12261.49,Raw materials purchased from supplier XYZ Corp.
1060,2024-02-29,Loan Repayment,Loan Payable,Bank Account,17023.89,Loan repayment to bank
1061,2024-03-01,Interest Income,Bank Account,Interest Income,19653.01,Interest received from bank
1062,2024-03-02,Payroll,Salaries Expense,Bank Account,19623.68,Salary paid to employees
1063,2024-03-03,Interest Income,Bank Account,Interest Income,9517.28,Interest received from bank
1064,2024-03-04,Depreciation,Depreciation Expense,Accumulated Depreciation,8841.62,Monthly depreciation for asset
1065,2024-03-05,Rent,Rent Expense,Bank Account,7843.26,Monthly rent paid for office space
1066,2024-03-06,Depreciation,Depreciation Expense,Accumulated Depreciation,8120.44,Monthly depreciation for asset
1067,2024-03-07,Cash Sale,Cash Account,Sales Revenue,1989.42,Cash sale to customer
1068,2024-03-08,Sales,Accounts Receivable,Sales Revenue,3673.59,Credit sale to customer XYZ Corp.
1069,2024-03-09,Interest Income,Bank Account,Interest Income,15779.47,Interest received from bank
1070,2024-03-10,Purchase,Inventory,Accounts Payable,5211.23,Raw materials purchased from supplier Nova Enterprises
1071,2024-03-11,Depreciation,Depreciation Expense,Accumulated Depreciation,11090.03,Monthly depreciation for asset
1072,2024-03-12,Depreciation,Depreciation Expense,Accumulated Depreciation,12360.14,Monthly depreciation for asset
1073,2024-03-13,Interest Income,Bank Account,Interest Income,13480.67,Interest received from bank
1074,2024-03-14,Loan Repayment,Loan Payable,Bank Account,15759.7,Loan repayment to bank
1075,2024-03-15,Cash Sale,Cash Account,Sales Revenue,8820.56,Cash sale to customer
1076,2024-03-16,Interest Income,Bank Account,Interest Income,16944.78,Interest received from bank
1077,2024-03-17,Depreciation,Depreciation Expense,Accumulated Depreciation,8506.25,Monthly depreciation for asset
1078,2024-03-18,Interest Income,Bank Account,Interest Income,10914.89,Interest received from bank
1079,2024-03-19,Depreciation,Depreciation Expense,Accumulated Depreciation,2777.05,Monthly depreciation for asset
1080,2024-03-20,Cash Sale,Cash Account,Sales Revenue,1422.34,Cash sale to customer
1081,2024-03-21,Interest Income,Bank Account,Interest Income,2373.14,Interest received from bank
1082,2024-03-22,Rent,Rent Expense,Bank Account,2642.43,Monthly rent paid for office space
1083,2024-03-23,Interest Income,Bank Account,Interest Income,2496.08,Interest received from bank
1084,2024-03-24,Loan Repayment,Loan Payable,Bank Account,16414.89,Loan repayment to bank
1085,2024-03-25,Cash Sale,Cash Account,Sales Revenue,12540.17,Cash sale to customer
1086,2024-03-26,Cash Sale,Cash Account,Sales Revenue,9216.5,Cash sale to customer
1087,2024-03-27,Interest Income,Bank Account,Interest Income,13386.88,Interest received from bank
1088,2024-03-28,Loan Repayment,Loan Payable,Bank Account,11873.13,Loan repayment to bank
1089,2024-03-29,Sales,Accounts Receivable,Sales Revenue,13207.74,Credit sale to customer Nova Enterprises
1090,2024-03-30,Sales,Accounts Receivable,Sales Revenue,5315.94,Credit sale to customer ABC Pvt. Ltd.
1091,2024-03-31,Payroll,Salaries Expense,Bank Account,11544.13,Salary paid to employees
1092,2024-04-01,Cash Sale,Cash Account,Sales Revenue,6676.43,Cash sale to customer
1093,2024-04-02,Loan Repayment,Loan Payable,Bank Account,16617.7,Loan repayment to bank
1094,2024-04-03,Depreciation,Depreciation Expense,Accumulated Depreciation,16522.36,Monthly depreciation for asset
1095,2024-04-04,Payroll,Salaries Expense,Bank Account,7174.38,Salary paid to employees
1096,2024-04-05,Cash Sale,Cash Account,Sales Revenue,9367.2,Cash sale to customer
1097,2024-04-06,Payroll,Salaries Expense,Bank Account,5408.64,Salary paid to employees
1098,2024-04-07,Interest Income,Bank Account,Interest Income,12627.61,Interest received from bank
1099,2024-04-08,Interest Income,Bank Account,Interest Income,13632.45,Interest received from bank
1100,2024-04-09,Purchase,Inventory,Accounts Payable,16369.51,Raw materials purchased from supplier Nova Enterprises
1101,2024-04-10,Rent,Rent Expense,Bank Account,6893.56,Monthly rent paid for office space
1102,2024-04-11,Payroll,Salaries Expense,Bank Account,3588.08,Salary paid to employees
1103,2024-04-12,Sales,Accounts Receivable,Sales Revenue,6628.09,Credit sale to customer Nova Enterprises
1104,2024-04-13,Loan Repayment,Loan Payable,Bank Account,19498.2,Loan repayment to bank
1105,2024-04-14,Cash Sale,Cash Account,Sales Revenue,16253.5,Cash sale to customer
1106,2024-04-15,Sales,Accounts Receivable,Sales Revenue,7505.63,Credit sale to customer ABC Pvt. Ltd.
1107,2024-04-16,Payroll,Salaries Expense,Bank Account,3143.68,Salary paid to employees
1108,2024-04-17,Interest Income,Bank Account,Interest Income,11877.32,Interest received from bank
1109,2024-04-18,Purchase,Inventory,Accounts Payable,18753.71,Raw materials purchased from supplier Unity Inc.
1110,2024-04-19,Cash Sale,Cash Account,Sales Revenue,6406.63,Cash sale to customer
1111,2024-04-20,Payroll,Salaries Expense,Bank Account,18084.12,Salary paid to employees
1112,2024-04-21,Loan Repayment,Loan Payable,Bank Account,13077.3,Loan repayment to bank
1113,2024-04-22,Interest Income,Bank Account,Interest Income,16167.54,Interest received from bank
1114,2024-04-23,Sales,Accounts Receivable,Sales Revenue,1863.82,Credit sale to customer XYZ Corp.
1115,2024-04-24,Rent,Rent Expense,Bank Account,19308.53,Monthly rent paid for office space
1116,2024-04-25,Sales,Accounts Receivable,Sales Revenue,5527.78,Credit sale to customer ABC Pvt. Ltd.
1117,2024-04-26,Sales,Accounts Receivable,Sales Revenue,12835.95,Credit sale to customer Unity Inc.
1118,2024-04-27,Payroll,Salaries Expense,Bank Account,19297.86,Salary paid to employees
1119,2024-04-28,Rent,Rent Expense,Bank Account,13796.42,Monthly rent paid for office space
1120,2024-04-29,Loan Repayment,Loan Payable,Bank Account,12634.1,Loan repayment to bank
1121,2024-04-30,Cash Sale,Cash Account,Sales Revenue,17221.47,Cash sale to customer
1122,2024-05-01,Loan Repayment,Loan Payable,Bank Account,16314.49,Loan repayment to bank
1123,2024-05-02,Cash Sale,Cash Account,Sales Revenue,8937.07,Cash sale to customer
1124,2024-05-03,Loan Repayment,Loan Payable,Bank Account,14126.09,Loan repayment to bank
1125,2024-05-04,Cash Sale,Cash Account,Sales Revenue,15249.87,Cash sale to customer
1126,2024-05-05,Loan Repayment,Loan Payable,Bank Account,19435.24,Loan repayment to bank
1127,2024-05-06,Sales,Accounts Receivable,Sales Revenue,7465.02,Credit sale to customer ABC Pvt. Ltd.
1128,2024-05-07,Rent,Rent Expense,Bank Account,5867.51,Monthly rent paid for office space
1129,2024-05-08,Cash Sale,Cash Account,Sales Revenue,17140.77,Cash sale to customer
1130,2024-05-09,Loan Repayment,Loan Payable,Bank Account,7589.07,Loan repayment to bank
1131,2024-05-10,Sales,Accounts Receivable,Sales Revenue,5197.99,Credit sale to customer Nova Enterprises
1132,2024-05-11,Purchase,Inventory,Accounts Payable,7081.05,Raw materials purchased from supplier XYZ Corp.
1133,2024-05-12,Interest Income,Bank Account,Interest Income,8752.5,Interest received from bank
1134,2024-05-13,Payroll,Salaries Expense,Bank Account,8888.33,Salary paid to employees
1135,2024-05-14,Cash Sale,Cash Account,Sales Revenue,5426.21,Cash sale to customer
1136,2024-05-15,Depreciation,Depreciation Expense,Accumulated Depreciation,7400.18,Monthly depreciation for asset
1137,2024-05-16,Loan Repayment,Loan Payable,Bank Account,15997.14,Loan repayment to bank
1138,2024-05-17,Cash Sale,Cash Account,Sales Revenue,7026.72,Cash sale to customer
1139,2024-05-18,Loan Repayment,Loan Payable,Bank Account,9079.55,Loan repayment to bank
1140,2024-05-19,Loan Repayment,Loan Payable,Bank Account,12449.22,Loan repayment to bank
1141,2024-05-20,Sales,Accounts Receivable,Sales Revenue,12791.07,Credit sale to customer Global Suppliers
1142,2024-05-21,Payroll,Salaries Expense,Bank Account,12486.84,Salary paid to employees
1143,2024-05-22,Depreciation,Depreciation Expense,Accumulated Depreciation,18122.18,Monthly depreciation for asset
1144,2024-05-23,Loan Repayment,Loan Payable,Bank Account,13798.3,Loan repayment to bank
1145,2024-05-24,Rent,Rent Expense,Bank Account,9463.7,Monthly rent paid for office space
1146,2024-05-25,Interest Income,Bank Account,Interest Income,17534.55,Interest received from bank
1147,2024-05-26,Rent,Rent Expense,Bank Account,14601.95,Monthly rent paid for office space
1148,2024-05-27,Payroll,Salaries Expense,Bank Account,13558.6,Salary paid to employees
1149,2024-05-28,Payroll,Salaries Expense,Bank Account,3230.46,Salary paid to employees
1150,2024-05-29,Interest Income,Bank Account,Interest Income,14878.46,Interest received from bank
1151,2024-05-30,Payroll,Salaries Expense,Bank Account,17505.48,Salary paid to employees
1152,2024-05-31,Sales,Accounts Receivable,Sales Revenue,7843.2,Credit sale to customer Unity Inc.
1153,2024-06-01,Sales,Accounts Receivable,Sales Revenue,12107.71,Credit sale to customer ABC Pvt. Ltd.
1154,2024-06-02,Purchase,Inventory,Accounts Payable,2604.59,Raw materials purchased from supplier XYZ Corp.
1155,2024-06-03,Sales,Accounts Receivable,Sales Revenue,12948.01,Credit sale to customer Global Suppliers
1156,2024-06-04,Loan Repayment,Loan Payable,Bank Account,8422.77,Loan repayment to bank
1157,2024-06-05,Loan Repayment,Loan Payable,Bank Account,16911.93,Loan repayment to bank
1158,2024-06-06,Loan Repayment,Loan Payable,Bank Account,19089.77,Loan repayment to bank
1159,2024-06-07,Cash Sale,Cash Account,Sales Revenue,16802.79,Cash sale to customer
1160,2024-06-08,Cash Sale,Cash Account,Sales Revenue,11480.51,Cash sale to customer
1161,2024-06-09,Purchase,Inventory,Accounts Payable,6834.28,Raw materials purchased from supplier Unity Inc.
1162,2024-06-10,Interest Income,Bank Account,Interest Income,11742.91,Interest received from bank
1163,2024-06-11,Rent,Rent Expense,Bank Account,5358.83,Monthly rent paid for office space
1164,2024-06-12,Interest Income,Bank Account,Interest Income,14300.63,Interest received from bank
1165,2024-06-13,Rent,Rent Expense,Bank Account,10849.95,Monthly rent paid for office space
1166,2024-06-14,Depreciation,Depreciation Expense,Accumulated Depreciation,14771.89,Monthly depreciation for asset
1167,2024-06-15,Depreciation,Depreciation Expense,Accumulated Depreciation,11588.34,Monthly depreciation for asset
1168,2024-06-16,Depreciation,Depreciation Expense,Accumulated Depreciation,5341.92,Monthly depreciation for asset
1169,2024-06-17,Payroll,Salaries Expense,Bank Account,11784.85,Salary paid to employees
1170,2024-06-18,Payroll,Salaries Expense,Bank Account,3943.55,Salary paid to employees
1171,2024-06-19,Payroll,Salaries Expense,Bank Account,7117.97,Salary paid to employees
1172,2024-06-20,Depreciation,Depreciation Expense,Accumulated Depreciation,15523.79,Monthly depreciation for asset
1173,2024-06-21,Interest Income,Bank Account,Interest Income,10174.69,Interest received from bank
1174,2024-06-22,Cash Sale,Cash Account,Sales Revenue,12160.6,Cash sale to customer
1175,2024-06-23,Depreciation,Depreciation Expense,Accumulated Depreciation,12996.03,Monthly depreciation for asset
1176,2024-06-24,Loan Repayment,Loan Payable,Bank Account,4065.94,Loan repayment to bank
1177,2024-06-25,Cash Sale,Cash Account,Sales Revenue,2537.37,Cash sale to customer
1178,2024-06-26,Rent,Rent Expense,Bank Account,6700.97,Monthly rent paid for office space
1179,2024-06-27,Rent,Rent Expense,Bank Account,19969.46,Monthly rent paid for office space
1180,2024-06-28,Sales,Accounts Receivable,Sales Revenue,19340.36,Credit sale to customer XYZ Corp.
1181,2024-06-29,Sales,Accounts Receivable,Sales Revenue,11854.27,Credit sale to customer Nova Enterprises
1182,2024-06-30,Rent,Rent Expense,Bank Account,17252.39,Monthly rent paid for office space
1183,2024-07-01,Purchase,Inventory,Accounts Payable,4708.34,Raw materials purchased from supplier Unity Inc.
1184,2024-07-02,Cash Sale,Cash Account,Sales Revenue,18321.02,Cash sale to customer
1185,2024-07-03,Payroll,Salaries Expense,Bank Account,2781.82,Salary paid to employees
1186,2024-07-04,Loan Repayment,Loan Payable,Bank Account,7865.1,Loan repayment to bank
1187,2024-07-05,Rent,Rent Expense,Bank Account,12268.67,Monthly rent paid for office space
1188,2024-07-06,Payroll,Salaries Expense,Bank Account,13040.16,Salary paid to employees
1189,2024-07-07,Cash Sale,Cash Account,Sales Revenue,18662.7,Cash sale to customer
1190,2024-07-08,Rent,Rent Expense,Bank Account,19529.22,Monthly rent paid for office space
1191,2024-07-09,Payroll,Salaries Expense,Bank Account,13750.81,Salary paid to employees
1192,2024-07-10,Loan Repayment,Loan Payable,Bank Account,13148.93,Loan repayment to bank
1193,2024-07-11,Cash Sale,Cash Account,Sales Revenue,9322.58,Cash sale to customer
1194,2024-07-12,Cash Sale,Cash Account,Sales Revenue,2343.78,Cash sale to customer
1195,2024-07-13,Cash Sale,Cash Account,Sales Revenue,12590.0,Cash sale to customer
1196,2024-07-14,Sales,Accounts Receivable,Sales Revenue,11268.5,Credit sale to customer Nova Enterprises
1197,2024-07-15,Loan Repayment,Loan Payable,Bank Account,18540.05,Loan repayment to bank
1198,2024-07-16,Interest Income,Bank Account,Interest Income,2459.89,Interest received from bank
1199,2024-07-17,Sales,Accounts Receivable,Sales Revenue,15398.43,Credit sale to customer XYZ Corp.
1200,2024-07-18,Depreciation,Depreciation Expense,Accumulated Depreciation,11287.72,Monthly depreciation for asset
1201,2024-07-19,Purchase,Inventory,Accounts Payable,17635.76,Raw materials purchased from supplier BrightTech
1202,2024-07-20,Cash Sale,Cash Account,Sales Revenue,5506.01,Cash sale to customer
1203,2024-07-21,Cash Sale,Cash Account,Sales Revenue,14109.1,Cash sale to customer
1204,2024-07-22,Interest Income,Bank Account,Interest Income,8393.12,Interest received from bank
1205,2024-07-23,Cash Sale,Cash Account,Sales Revenue,19566.84,Cash sale to customer
1206,2024-07-24,Depreciation,Depreciation Expense,Accumulated Depreciation,4504.96,Monthly depreciation for asset
1207,2024-07-25,Rent,Rent Expense,Bank Account,1666.75,Monthly rent paid for office space
1208,2024-07-26,Payroll,Salaries Expense,Bank Account,5372.37,Salary paid to employees
1209,2024-07-27,Loan Repayment,Loan Payable,Bank Account,1569.54,Loan repayment to bank
1210,2024-07-28,Interest Income,Bank Account,Interest Income,10138.08,Interest received from bank
1211,2024-07-29,Loan Repayment,Loan Payable,Bank Account,5222.02,Loan repayment to bank
1212,2024-07-30,Interest Income,Bank Account,Interest Income,18964.71,Interest received from bank
1213,2024-07-31,Interest Income,Bank Account,Interest Income,8688.4,Interest received from bank
1214,2024-08-01,Cash Sale,Cash Account,Sales Revenue,17782.75,Cash sale to customer
1215,2024-08-02,Payroll,Salaries Expense,Bank Account,17716.61,Salary paid to employees
1216,2024-08-03,Purchase,Inventory,Accounts Payable,11738.62,Raw materials purchased from supplier BrightTech
1217,2024-08-04,Cash Sale,Cash Account,Sales Revenue,4959.98,Cash sale to customer
1218,2024-08-05,Cash Sale,Cash Account,Sales Revenue,11049.42,Cash sale to customer
1219,2024-08-06,Rent,Rent Expense,Bank Account,4647.91,Monthly rent paid for office space
1220,2024-08-07,Purchase,Inventory,Accounts Payable,6766.34,Raw materials purchased from supplier BrightTech
1221,2024-08-08,Payroll,Salaries Expense,Bank Account,16429.68,Salary paid to employees
1222,2024-08-09,Depreciation,Depreciation Expense,Accumulated Depreciation,4920.84,Monthly depreciation for asset
1223,2024-08-10,Purchase,Inventory,Accounts Payable,17939.24,Raw materials purchased from supplier ABC Pvt. Ltd.
1224,2024-08-11,Sales,Accounts Receivable,Sales Revenue,1620.31,Credit sale to customer Global Suppliers
1225,2024-08-12,Purchase,Inventory,Accounts Payable,1529.11,Raw materials purchased from supplier XYZ Corp.
1226,2024-08-13,Cash Sale,Cash Account,Sales Revenue,12609.73,Cash sale to customer
1227,2024-08-14,Purchase,Inventory,Accounts Payable,4410.64,Raw materials purchased from supplier Nova Enterprises
1228,2024-08-15,Sales,Accounts Receivable,Sales Revenue,10966.36,Credit sale to customer BrightTech
1229,2024-08-16,Cash Sale,Cash Account,Sales Revenue,10379.86,Cash sale to customer
1230,2024-08-17,Cash Sale,Cash Account,Sales Revenue,11098.44,Cash sale to customer
1231,2024-08-18,Sales,Accounts Receivable,Sales Revenue,2942.63,Credit sale to customer Global Suppliers
1232,2024-08-19,Cash Sale,Cash Account,Sales Revenue,9312.03,Cash sale to customer
1233,2024-08-20,Interest Income,Bank Account,Interest Income,13761.23,Interest received from bank
1234,2024-08-21,Interest Income,Bank Account,Interest Income,8249.38,Interest received from bank
1235,2024-08-22,Cash Sale,Cash Account,Sales Revenue,16166.1,Cash sale to customer
1236,2024-08-23,Cash Sale,Cash Account,Sales Revenue,10970.75,Cash sale to customer
1237,2024-08-24,Rent,Rent Expense,Bank Account,8044.58,Monthly rent paid for office space
1238,2024-08-25,Payroll,Salaries Expense,Bank Account,15216.78,Salary paid to employees
1239,2024-08-26,Purchase,Inventory,Accounts Payable,10503.14,Raw materials purchased from supplier BrightTech
1240,2024-08-27,Cash Sale,Cash Account,Sales Revenue,11539.0,Cash sale to customer
1241,2024-08-28,Sales,Accounts Receivable,Sales Revenue,9356.05,Credit sale to customer ABC Pvt. Ltd.
1242,2024-08-29,Rent,Rent Expense,Bank Account,12497.9,Monthly rent paid for office space
1243,2024-08-30,Purchase,Inventory,Accounts Payable,3343.28,Raw materials purchased from supplier BrightTech
1244,2024-08-31,Depreciation,Depreciation Expense,Accumulated Depreciation,17671.37,Monthly depreciation for asset
1245,2024-09-01,Purchase,Inventory,Accounts Payable,15126.72,Raw materials purchased from supplier Global Suppliers
1246,2024-09-02,Sales,Accounts Receivable,Sales Revenue,3692.19,Credit sale to customer Unity Inc.
1247,2024-09-03,Cash Sale,Cash Account,Sales Revenue,16454.25,Cash sale to customer
1248,2024-09-04,Purchase,Inventory,Accounts Payable,17206.29,Raw materials purchased from supplier Nova Enterprises
1249,2024-09-05,Sales,Accounts Receivable,Sales Revenue,9695.36,Credit sale to customer Global Suppliers
1250,2024-09-06,Interest Income,Bank Account,Interest Income,13151.05,Interest received from bank
1251,2024-09-07,Depreciation,Depreciation Expense,Accumulated Depreciation,15273.31,Monthly depreciation for asset
1252,2024-09-08,Payroll,Salaries Expense,Bank Account,12986.11,Salary paid to employees
1253,2024-09-09,Cash Sale,Cash Account,Sales Revenue,11793.69,Cash sale to customer
1254,2024-09-10,Purchase,Inventory,Accounts Payable,4693.87,Raw materials purchased from supplier BrightTech
1255,2024-09-11,Loan Repayment,Loan Payable,Bank Account,5164.51,Loan repayment to bank
1256,2024-09-12,Loan Repayment,Loan Payable,Bank Account,8410.12,Loan repayment to bank
1257,2024-09-13,Purchase,Inventory,Accounts Payable,6613.39,Raw materials purchased from supplier ABC Pvt. Ltd.
1258,2024-09-14,Payroll,Salaries Expense,Bank Account,2261.57,Salary paid to employees
1259,2024-09-15,Purchase,Inventory,Accounts Payable,13087.54,Raw materials purchased from supplier Nova Enterprises
1260,2024-09-16,Loan Repayment,Loan Payable,Bank Account,14208.26,Loan repayment to bank
1261,2024-09-17,Payroll,Salaries Expense,Bank Account,9238.8,Salary paid to employees
1262,2024-09-18,Rent,Rent Expense,Bank Account,3388.66,Monthly rent paid for office space
1263,2024-09-19,Purchase,Inventory,Accounts Payable,6636.28,Raw materials purchased from supplier XYZ Corp.
1264,2024-09-20,Cash Sale,Cash Account,Sales Revenue,18258.77,Cash sale to customer
1265,2024-09-21,Cash Sale,Cash Account,Sales Revenue,8864.52,Cash sale to customer
1266,2024-09-22,Cash Sale,Cash Account,Sales Revenue,2208.49,Cash sale to customer
1267,2024-09-23,Interest Income,Bank Account,Interest Income,10804.71,Interest received from bank
1268,2024-09-24,Depreciation,Depreciation Expense,Accumulated Depreciation,4362.67,Monthly depreciation for asset
1269,2024-09-25,Loan Repayment,Loan Payable,Bank Account,12919.99,Loan repayment to bank
1270,2024-09-26,Purchase,Inventory,Accounts Payable,7178.79,Raw materials purchased from supplier ABC Pvt. Ltd.
1271,2024-09-27,Payroll,Salaries Expense,Bank Account,11733.73,Salary paid to employees
1272,2024-09-28,Depreciation,Depreciation Expense,Accumulated Depreciation,14148.47,Monthly depreciation for asset
1273,2024-09-29,Cash Sale,Cash Account,Sales Revenue,11680.29,Cash sale to customer
1274,2024-09-30,Payroll,Salaries Expense,Bank Account,14584.51,Salary paid to employees
1275,2024-10-01,Loan Repayment,Loan Payable,Bank Account,6650.48,Loan repayment to bank
1276,2024-10-02,Loan Repayment,Loan Payable,Bank Account,19849.0,Loan repayment to bank
1277,2024-10-03,Payroll,Salaries Expense,Bank Account,6837.64,Salary paid to employees
1278,2024-10-04,Loan Repayment,Loan Payable,Bank Account,15351.03,Loan repayment to bank
1279,2024-10-05,Payroll,Salaries Expense,Bank Account,16515.26,Salary paid to employees
1280,2024-10-06,Cash Sale,Cash Account,Sales Revenue,6286.55,Cash sale to customer
1281,2024-10-07,Loan Repayment,Loan Payable,Bank Account,8485.98,Loan repayment to bank
1282,2024-10-08,Interest Income,Bank Account,Interest Income,7958.99,Interest received from bank
1283,2024-10-09,Loan Repayment,Loan Payable,Bank Account,10585.26,Loan repayment to bank
1284,2024-10-10,Purchase,Inventory,Accounts Payable,11485.23,Raw materials purchased from supplier Global Suppliers
1285,2024-10-11,Interest Income,Bank Account,Interest Income,15348.41,Interest received from bank
1286,2024-10-12,Cash Sale,Cash Account,Sales Revenue,4615.04,Cash sale to customer
1287,2024-10-13,Purchase,Inventory,Accounts Payable,4645.67,Raw materials purchased from supplier Unity Inc.
1288,2024-10-14,Purchase,Inventory,Accounts Payable,3120.43,Raw materials purchased from supplier BrightTech
1289,2024-10-15,Interest Income,Bank Account,Interest Income,2791.78,Interest received from bank
1290,2024-10-16,Depreciation,Depreciation Expense,Accumulated Depreciation,7237.87,Monthly depreciation for asset
1291,2024-10-17,Rent,Rent Expense,Bank Account,13318.5,Monthly rent paid for office space
1292,2024-10-18,Depreciation,Depreciation Expense,Accumulated Depreciation,9384.22,Monthly depreciation for asset
1293,2024-10-19,Rent,Rent Expense,Bank Account,12224.37,Monthly rent paid for office space
1294,2024-10-20,Depreciation,Depreciation Expense,Accumulated Depreciation,9751.87,Monthly depreciation for asset
1295,2024-10-21,Purchase,Inventory,Accounts Payable,14601.06,Raw materials purchased from supplier Global Suppliers
1296,2024-10-22,Rent,Rent Expense,Bank Account,1465.57,Monthly rent paid for office space
1297,2024-10-23,Interest Income,Bank Account,Interest Income,5208.01,Interest received from bank
1298,2024-10-24,Cash Sale,Cash Account,Sales Revenue,18401.01,Cash sale to customer
1299,2024-10-25,Purchase,Inventory,Accounts Payable,10565.79,Raw materials purchased from supplier Global Suppliers
1300,2024-10-26,Rent,Rent Expense,Bank Account,16941.35,Monthly rent paid for office space
1301,2024-10-27,Purchase,Inventory,Accounts Payable,6518.49,Raw materials purchased from supplier XYZ Corp.
1302,2024-10-28,Payroll,Salaries Expense,Bank Account,14547.29,Salary paid to employees
1303,2024-10-29,Interest Income,Bank Account,Interest Income,15818.74,Interest received from bank
1304,2024-10-30,Interest Income,Bank Account,Interest Income,4709.98,Interest received from bank
1305,2024-10-31,Cash Sale,Cash Account,Sales Revenue,16730.36,Cash sale to customer
1306,2024-11-01,Payroll,Salaries Expense,Bank Account,9825.97,Salary paid to employees
1307,2024-11-02,Payroll,Salaries Expense,Bank Account,3522.26,Salary paid to employees
1308,2024-11-03,Rent,Rent Expense,Bank Account,7715.81,Monthly rent paid for office space
1309,2024-11-04,Rent,Rent Expense,Bank Account,4950.59,Monthly rent paid for office space
1310,2024-11-05,Loan Repayment,Loan Payable,Bank Account,10459.09,Loan repayment to bank
1311,2024-11-06,Payroll,Salaries Expense,Bank Account,2286.66,Salary paid to employees
1312,2024-11-07,Payroll,Salaries Expense,Bank Account,10196.61,Salary paid to employees
1313,2024-11-08,Cash Sale,Cash Account,Sales Revenue,16632.82,Cash sale to customer
1314,2024-11-09,Interest Income,Bank Account,Interest Income,4773.17,Interest received from bank
1315,2024-11-10,Depreciation,Depreciation Expense,Accumulated Depreciation,9366.67,Monthly depreciation for asset
1316,2024-11-11,Depreciation,Depreciation Expense,Accumulated Depreciation,6019.8,Monthly depreciation for asset
1317,2024-11-12,Rent,Rent Expense,Bank Account,8662.27,Monthly rent paid for office space
1318,2024-11-13,Interest Income,Bank Account,Interest Income,19310.02,Interest received from bank
1319,2024-11-14,Sales,Accounts Receivable,Sales Revenue,6662.85,Credit sale to customer Nova Enterprises
1320,2024-11-15,Payroll,Salaries Expense,Bank Account,12172.99,Salary paid to employees
1321,2024-11-16,Sales,Accounts Receivable,Sales Revenue,14528.64,Credit sale to customer Global Suppliers
1322,2024-11-17,Sales,Accounts Receivable,Sales Revenue,6510.81,Credit sale to customer BrightTech
1323,2024-11-18,Purchase,Inventory,Accounts Payable,10171.81,Raw materials purchased from supplier BrightTech
1324,2024-11-19,Depreciation,Depreciation Expense,Accumulated Depreciation,2146.98,Monthly depreciation for asset
1325,2024-11-20,Depreciation,Depreciation Expense,Accumulated Depreciation,7825.7,Monthly depreciation for asset
1326,2024-11-21,Depreciation,Depreciation Expense,Accumulated Depreciation,13311.26,Monthly depreciation for asset
1327,2024-11-22,Purchase,Inventory,Accounts Payable,4540.69,Raw materials purchased from supplier XYZ Corp.
1328,2024-11-23,Loan Repayment,Loan Payable,Bank Account,11643.71,Loan repayment to bank
1329,2024-11-24,Loan Repayment,Loan Payable,Bank Account,4664.07,Loan repayment to bank
1330,2024-11-25,Rent,Rent Expense,Bank Account,11014.61,Monthly rent paid for office space
1331,2024-11-26,Rent,Rent Expense,Bank Account,14420.15,Monthly rent paid for office space
1332,2024-11-27,Payroll,Salaries Expense,Bank Account,7083.3,Salary paid to employees
1333,2024-11-28,Payroll,Salaries Expense,Bank Account,17429.67,Salary paid to employees
1334,2024-11-29,Purchase,Inventory,Accounts Payable,2483.78,Raw materials purchased from supplier BrightTech
1335,2024-11-30,Purchase,Inventory,Accounts Payable,8934.36,Raw materials purchased from supplier Global Suppliers
1336,2024-12-01,Sales,Accounts Receivable,Sales Revenue,5402.57,Credit sale to customer BrightTech
1337,2024-12-02,Cash Sale,Cash Account,Sales Revenue,8984.13,Cash sale to customer
1338,2024-12-03,Interest Income,Bank Account,Interest Income,2122.41,Interest received from bank
1339,2024-12-04,Interest Income,Bank Account,Interest Income,7458.73,Interest received from bank
1340,2024-12-05,Depreciation,Depreciation Expense,Accumulated Depreciation,18418.94,Monthly depreciation for asset
1341,2024-12-06,Sales,Accounts Receivable,Sales Revenue,17742.2,Credit sale to customer Unity Inc.
1342,2024-12-07,Cash Sale,Cash Account,Sales Revenue,12068.22,Cash sale to customer
1343,2024-12-08,Rent,Rent Expense,Bank Account,18642.12,Monthly rent paid for office space
1344,2024-12-09,Payroll,Salaries Expense,Bank Account,11117.58,Salary paid to employees
1345,2024-12-10,Depreciation,Depreciation Expense,Accumulated Depreciation,12022.23,Monthly depreciation for asset
1346,2024-12-11,Payroll,Salaries Expense,Bank Account,14807.13,Salary paid to employees
1347,2024-12-12,Depreciation,Depreciation Expense,Accumulated Depreciation,9139.22,Monthly depreciation for asset
1348,2024-12-13,Depreciation,Depreciation Expense,Accumulated Depreciation,10509.4,Monthly depreciation for asset
1349,2024-12-14,Loan Repayment,Loan Payable,Bank Account,13189.84,Loan repayment to bank
1350,2024-12-15,Sales,Accounts Receivable,Sales Revenue,18796.04,Credit sale to customer XYZ Corp.
1351,2024-12-16,Rent,Rent Expense,Bank Account,3227.94,Monthly rent paid for office space
1352,2024-12-17,Interest Income,Bank Account,Interest Income,13113.03,Interest received from bank
1353,2024-12-18,Payroll,Salaries Expense,Bank Account,10287.43,Salary paid to employees
1354,2024-12-19,Loan Repayment,Loan Payable,Bank Account,2499.05,Loan repayment to bank
1355,2024-12-20,Sales,Accounts Receivable,Sales Revenue,18757.44,Credit sale to customer XYZ Corp.
1356,2024-12-21,Depreciation,Depreciation Expense,Accumulated Depreciation,14914.04,Monthly depreciation for asset
1357,2024-12-22,Sales,Accounts Receivable,Sales Revenue,8920.46,Credit sale to customer ABC Pvt. Ltd.
1358,2024-12-23,Rent,Rent Expense,Bank Account,3543.52,Monthly rent paid for office space
1359,2024-12-24,Sales,Accounts Receivable,Sales Revenue,16162.79,Credit sale to customer Unity Inc.
1360,2024-12-25,Depreciation,Depreciation Expense,Accumulated Depreciation,16768.61,Monthly depreciation for asset
1361,2024-12-26,Payroll,Salaries Expense,Bank Account,7374.87,Salary paid to employees
1362,2024-12-27,Loan Repayment,Loan Payable,Bank Account,12634.96,Loan repayment to bank
1363,2024-12-28,Cash Sale,Cash Account,Sales Revenue,8435.91,Cash sale to customer
1364,2024-12-29,Depreciation,Depreciation Expense,Accumulated Depreciation,7255.68,Monthly depreciation for asset
1365,2024-12-30,Depreciation,Depreciation Expense,Accumulated Depreciation,17331.34,Monthly depreciation for asset
1366,2024-12-31,Depreciation,Depreciation Expense,Accumulated Depreciation,2959.93,Monthly depreciation for asset
1367,2025-01-01,Depreciation,Depreciation Expense,Accumulated Depreciation,2382.66,Monthly depreciation for asset
1368,2025-01-02,Payroll,Salaries Expense,Bank Account,8136.02,Salary paid to employees
1369,2025-01-03,Rent,Rent Expense,Bank Account,16359.86,Monthly rent paid for office space
1370,2025-01-04,Sales,Accounts Receivable,Sales Revenue,5458.43,Credit sale to customer BrightTech
1371,2025-01-05,Rent,Rent Expense,Bank Account,8784.19,Monthly rent paid for office space
1372,2025-01-06,Interest Income,Bank Account,Interest Income,16925.28,Interest received from bank
1373,2025-01-07,Cash Sale,Cash Account,Sales Revenue,6841.59,Cash sale to customer
1374,2025-01-08,Cash Sale,Cash Account,Sales Revenue,1707.99,Cash sale to customer
1375,2025-01-09,Payroll,Salaries Expense,Bank Account,15324.16,Salary paid to employees
1376,2025-01-10,Purchase,Inventory,Accounts Payable,8601.09,Raw materials purchased from supplier Nova Enterprises
1377,2025-01-11,Purchase,Inventory,Accounts Payable,3181.78,Raw materials purchased from supplier ABC Pvt. Ltd.
1378,2025-01-12,Purchase,Inventory,Accounts Payable,15602.62,Raw materials purchased from supplier ABC Pvt. Ltd.
1379,2025-01-13,Interest Income,Bank Account,Interest Income,11581.25,Interest received from bank
1380,2025-01-14,Sales,Accounts Receivable,Sales Revenue,15733.45,Credit sale to customer BrightTech
1381,2025-01-15,Loan Repayment,Loan Payable,Bank Account,2508.34,Loan repayment to bank
1382,2025-01-16,Payroll,Salaries Expense,Bank Account,1870.01,Salary paid to employees
1383,2025-01-17,Loan Repayment,Loan Payable,Bank Account,18845.22,Loan repayment to bank
1384,2025-01-18,Payroll,Salaries Expense,Bank Account,8757.4,Salary paid to employees
1385,2025-01-19,Payroll,Salaries Expense,Bank Account,12015.99,Salary paid to employees
1386,2025-01-20,Interest Income,Bank Account,Interest Income,9965.89,Interest received from bank
1387,2025-01-21,Purchase,Inventory,Accounts Payable,15756.26,Raw materials purchased from supplier BrightTech
1388,2025-01-22,Purchase,Inventory,Accounts Payable,14387.28,Raw materials purchased from supplier Nova Enterprises
1389,2025-01-23,Interest Income,Bank Account,Interest Income,9380.23,Interest received from bank
1390,2025-01-24,Rent,Rent Expense,Bank Account,16152.98,Monthly rent paid for office space
1391,2025-01-25,Rent,Rent Expense,Bank Account,15920.88,Monthly rent paid for office space
1392,2025-01-26,Purchase,Inventory,Accounts Payable,1669.49,Raw materials purchased from supplier Unity Inc.
1393,2025-01-27,Sales,Accounts Receivable,Sales Revenue,8990.62,Credit sale to customer XYZ Corp.
1394,2025-01-28,Loan Repayment,Loan Payable,Bank Account,7922.25,Loan repayment to bank
1395,2025-01-29,Sales,Accounts Receivable,Sales Revenue,3962.98,Credit sale to customer ABC Pvt. Ltd.
1396,2025-01-30,Rent,Rent Expense,Bank Account,14167.75,Monthly rent paid for office space
1397,2025-01-31,Payroll,Salaries Expense,Bank Account,7869.74,Salary paid to employees
1398,2025-02-01,Purchase,Inventory,Accounts Payable,10953.7,Raw materials purchased from supplier XYZ Corp.
1399,2025-02-02,Interest Income,Bank Account,Interest Income,10844.2,Interest received from bank
1400,2025-02-03,Cash Sale,Cash Account,Sales Revenue,8229.15,Cash sale to customer
1401,2025-02-04,Rent,Rent Expense,Bank Account,2971.18,Monthly rent paid for office space
1402,2025-02-05,Interest Income,Bank Account,Interest Income,3098.0,Interest received from bank
1403,2025-02-06,Cash Sale,Cash Account,Sales Revenue,8816.51,Cash sale to customer
1404,2025-02-07,Sales,Accounts Receivable,Sales Revenue,4293.48,Credit sale to customer BrightTech
1405,2025-02-08,Cash Sale,Cash Account,Sales Revenue,19299.65,Cash sale to customer
1406,2025-02-09,Cash Sale,Cash Account,Sales Revenue,16965.71,Cash sale to customer
1407,2025-02-10,Payroll,Salaries Expense,Bank Account,1777.4,Salary paid to employees
1408,2025-02-11,Rent,Rent Expense,Bank Account,5031.46,Monthly rent paid for office space
1409,2025-02-12,Purchase,Inventory,Accounts Payable,4236.56,Raw materials purchased from supplier BrightTech
1410,2025-02-13,Sales,Accounts Receivable,Sales Revenue,2156.26,Credit sale to customer BrightTech
1411,2025-02-14,Interest Income,Bank Account,Interest Income,16913.12,Interest received from bank
1412,2025-02-15,Payroll,Salaries Expense,Bank Account,12857.15,Salary paid to employees
1413,2025-02-16,Rent,Rent Expense,Bank Account,18484.49,Monthly rent paid for office space
1414,2025-02-17,Rent,Rent Expense,Bank Account,14258.48,Monthly rent paid for office space
1415,2025-02-18,Sales,Accounts Receivable,Sales Revenue,10651.56,Credit sale to customer ABC Pvt. Ltd.
1416,2025-02-19,Purchase,Inventory,Accounts Payable,19572.7,Raw materials purchased from supplier ABC Pvt. Ltd.
1417,2025-02-20,Cash Sale,Cash Account,Sales Revenue,14024.99,Cash sale to customer
1418,2025-02-21,Rent,Rent Expense,Bank Account,7071.41,Monthly rent paid for office space
1419,2025-02-22,Loan Repayment,Loan Payable,Bank Account,14366.8,Loan repayment to bank
1420,2025-02-23,Rent,Rent Expense,Bank Account,17595.88,Monthly rent paid for office space
1421,2025-02-24,Purchase,Inventory,Accounts Payable,5326.23,Raw materials purchased from supplier Global Suppliers
1422,2025-02-25,Rent,Rent Expense,Bank Account,1877.82,Monthly rent paid for office space
1423,2025-02-26,Rent,Rent Expense,Bank Account,4048.41,Monthly rent paid for office space
1424,2025-02-27,Rent,Rent Expense,Bank Account,12717.62,Monthly rent paid for office space
1425,2025-02-28,Loan Repayment,Loan Payable,Bank Account,9176.69,Loan repayment to bank
1426,2025-03-01,Loan Repayment,Loan Payable,Bank Account,1522.01,Loan repayment to bank
1427,2025-03-02,Cash Sale,Cash Account,Sales Revenue,16771.27,Cash sale to customer
1428,2025-03-03,Interest Income,Bank Account,Interest Income,12826.82,Interest received from bank
1429,2025-03-04,Cash Sale,Cash Account,Sales Revenue,3018.28,Cash sale to customer
1430,2025-03-05,Payroll,Salaries Expense,Bank Account,3805.32,Salary paid to employees
1431,2025-03-06,Rent,Rent Expense,Bank Account,13019.43,Monthly rent paid for office space
1432,2025-03-07,Cash Sale,Cash Account,Sales Revenue,2697.92,Cash sale to customer
1433,2025-03-08,Rent,Rent Expense,Bank Account,13086.44,Monthly rent paid for office space
1434,2025-03-09,Sales,Accounts Receivable,Sales Revenue,2933.89,Credit sale to customer Global Suppliers
1435,2025-03-10,Payroll,Salaries Expense,Bank Account,10926.28,Salary paid to employees
1436,2025-03-11,Payroll,Salaries Expense,Bank Account,6165.07,Salary paid to employees
1437,2025-03-12,Payroll,Salaries Expense,Bank Account,17955.88,Salary paid to employees
1438,2025-03-13,Depreciation,Depreciation Expense,Accumulated Depreciation,19310.9,Monthly depreciation for asset
1439,2025-03-14,Cash Sale,Cash Account,Sales Revenue,14189.05,Cash sale to customer
1440,2025-03-15,Loan Repayment,Loan Payable,Bank Account,17977.45,Loan repayment to bank
1441,2025-03-16,Purchase,Inventory,Accounts Payable,11446.74,Raw materials purchased from supplier Unity Inc.
1442,2025-03-17,Sales,Accounts Receivable,Sales Revenue,5876.96,Credit sale to customer XYZ Corp.
1443,2025-03-18,Cash Sale,Cash Account,Sales Revenue,5486.82,Cash sale to customer
1444,2025-03-19,Interest Income,Bank Account,Interest Income,13654.43,Interest received from bank
1445,2025-03-20,Cash Sale,Cash Account,Sales Revenue,9517.61,Cash sale to customer
1446,2025-03-21,Sales,Accounts Receivable,Sales Revenue,2236.34,Credit sale to customer Global Suppliers
1447,2025-03-22,Rent,Rent Expense,Bank Account,17092.42,Monthly rent paid for office space
1448,2025-03-23,Interest Income,Bank Account,Interest Income,1320.51,Interest received from bank
1449,2025-03-24,Rent,Rent Expense,Bank Account,15842.83,Monthly rent paid for office space
1450,2025-03-25,Depreciation,Depreciation Expense,Accumulated Depreciation,12573.09,Monthly depreciation for asset
1451,2025-03-26,Loan Repayment,Loan Payable,Bank Account,3618.35,Loan repayment to bank
1452,2025-03-27,Payroll,Salaries Expense,Bank Account,19619.29,Salary paid to employees
1453,2025-03-28,Interest Income,Bank Account,Interest Income,10537.67,Interest received from bank
1454,2025-03-29,Rent,Rent Expense,Bank Account,8012.74,Monthly rent paid for office space
1455,2025-03-30,Sales,Accounts Receivable,Sales Revenue,13258.51,Credit sale to customer Nova Enterprises
1456,2025-03-31,Payroll,Salaries Expense,Bank Account,11077.27,Salary paid to employees
1457,2025-04-01,Payroll,Salaries Expense,Bank Account,2208.79,Salary paid to employees
1458,2025-04-02,Sales,Accounts Receivable,Sales Revenue,17511.88,Credit sale to customer Nova Enterprises
1459,2025-04-03,Interest Income,Bank Account,Interest Income,12114.1,Interest received from bank
1460,2025-04-04,Rent,Rent Expense,Bank Account,19688.05,Monthly rent paid for office space
1461,2025-04-05,Purchase,Inventory,Accounts Payable,11196.64,Raw materials purchased from supplier Nova Enterprises
1462,2025-04-06,Rent,Rent Expense,Bank Account,4366.92,Monthly rent paid for office space
1463,2025-04-07,Depreciation,Depreciation Expense,Accumulated Depreciation,6199.25,Monthly depreciation for asset
1464,2025-04-08,Sales,Accounts Receivable,Sales Revenue,18686.69,Credit sale to customer Global Suppliers
1465,2025-04-09,Loan Repayment,Loan Payable,Bank Account,12124.48,Loan repayment to bank
1466,2025-04-10,Payroll,Salaries Expense,Bank Account,7439.91,Salary paid to employees
1467,2025-04-11,Rent,Rent Expense,Bank Account,5883.32,Monthly rent paid for office space
1468,2025-04-12,Cash Sale,Cash Account,Sales Revenue,18473.59,Cash sale to customer
1469,2025-04-13,Purchase,Inventory,Accounts Payable,4351.78,Raw materials purchased from supplier Nova Enterprises
1470,2025-04-14,Payroll,Salaries Expense,Bank Account,13225.63,Salary paid to employees
1471,2025-04-15,Interest Income,Bank Account,Interest Income,8923.57,Interest received from bank
1472,2025-04-16,Purchase,Inventory,Accounts Payable,16267.76,Raw materials purchased from supplier Unity Inc.
1473,2025-04-17,Loan Repayment,Loan Payable,Bank Account,14856.05,Loan repayment to bank
1474,2025-04-18,Cash Sale,Cash Account,Sales Revenue,14224.62,Cash sale to customer
1475,2025-04-19,Loan Repayment,Loan Payable,Bank Account,11795.65,Loan repayment to bank
1476,2025-04-20,Cash Sale,Cash Account,Sales Revenue,6809.11,Cash sale to customer
1477,2025-04-21,Cash Sale,Cash Account,Sales Revenue,8499.44,Cash sale to customer
1478,2025-04-22,Cash Sale,Cash Account,Sales Revenue,3315.56,Cash sale to customer
1479,2025-04-23,Sales,Accounts Receivable,Sales Revenue,18212.56,Credit sale to customer XYZ Corp.
1480,2025-04-24,Payroll,Salaries Expense,Bank Account,10192.61,Salary paid to employees
1481,2025-04-25,Depreciation,Depreciation Expense,Accumulated Depreciation,10840.48,Monthly depreciation for asset
1482,2025-04-26,Cash Sale,Cash Account,Sales Revenue,17184.67,Cash sale to customer
1483,2025-04-27,Cash Sale,Cash Account,Sales Revenue,6582.96,Cash sale to customer
1484,2025-04-28,Cash Sale,Cash Account,Sales Revenue,12158.57,Cash sale to customer
1485,2025-04-29,Loan Repayment,Loan Payable,Bank Account,1911.81,Loan repayment to bank
1486,2025-04-30,Rent,Rent Expense,Bank Account,15060.46,Monthly rent paid for office space
1487,2025-05-01,Purchase,Inventory,Accounts Payable,8541.87,Raw materials purchased from supplier Unity Inc.
1488,2025-05-02,Interest Income,Bank Account,Interest Income,4837.02,Interest received from bank
1489,2025-05-03,Loan Repayment,Loan Payable,Bank Account,17341.97,Loan repayment to bank
1490,2025-05-04,Payroll,Salaries Expense,Bank Account,4541.59,Salary paid to employees
1491,2025-05-05,Depreciation,Depreciation Expense,Accumulated Depreciation,16364.93,Monthly depreciation for asset
1492,2025-05-06,Payroll,Salaries Expense,Bank Account,5799.21,Salary paid to employees
1493,2025-05-07,Purchase,Inventory,Accounts Payable,16637.85,Raw materials purchased from supplier Global Suppliers
1494,2025-05-08,Interest Income,Bank Account,Interest Income,2852.16,Interest received from bank
1495,2025-05-09,Depreciation,Depreciation Expense,Accumulated Depreciation,6818.81,Monthly depreciation for asset
1496,2025-05-10,Loan Repayment,Loan Payable,Bank Account,19845.34,Loan repayment to bank
1497,2025-05-11,Cash Sale,Cash Account,Sales Revenue,7867.16,Cash sale to customer
1498,2025-05-12,Sales,Accounts Receivable,Sales Revenue,16327.12,Credit sale to customer Nova Enterprises
1499,2025-05-13,Purchase,Inventory,Accounts Payable,18287.76,Raw materials purchased from supplier Nova Enterprises
1500,2025-05-14,Sales,Accounts Receivable,Sales Revenue,8380.74,Credit sale to customer XYZ Corp.
1501,2025-05-15,Rent,Rent Expense,Bank Account,3667.47,Monthly rent paid for office space
1502,2025-05-16,Interest Income,Bank Account,Interest Income,16936.29,Interest received from bank
1503,2025-05-17,Loan Repayment,Loan Payable,Bank Account,2885.41,Loan repayment to bank
1504,2025-05-18,Loan Repayment,Loan Payable,Bank Account,17074.88,Loan repayment to bank
1505,2025-05-19,Depreciation,Depreciation Expense,Accumulated Depreciation,7321.76,Monthly depreciation for asset
1506,2025-05-20,Rent,Rent Expense,Bank Account,10437.87,Monthly rent paid for office space
1507,2025-05-21,Sales,Accounts Receivable,Sales Revenue,3395.74,Credit sale to customer Global Suppliers
1508,2025-05-22,Rent,Rent Expense,Bank Account,18523.93,Monthly rent paid for office space
1509,2025-05-23,Payroll,Salaries Expense,Bank Account,7761.5,Salary paid to employees
1510,2025-05-24,Loan Repayment,Loan Payable,Bank Account,18464.14,Loan repayment to bank
1511,2025-05-25,Interest Income,Bank Account,Interest Income,12755.52,Interest received from bank
1512,2025-05-26,Loan Repayment,Loan Payable,Bank Account,7983.23,Loan repayment to bank
1513,2025-05-27,Cash Sale,Cash Account,Sales Revenue,2712.3,Cash sale to customer
1514,2025-05-28,Interest Income,Bank Account,Interest Income,12678.76,Interest received from bank
1515,2025-05-29,Loan Repayment,Loan Payable,Bank Account,7324.59,Loan repayment to bank
1516,2025-05-30,Cash Sale,Cash Account,Sales Revenue,8891.1,Cash sale to customer
1517,2025-05-31,Interest Income,Bank Account,Interest Income,19268.11,Interest received from bank
1518,2025-06-01,Cash Sale,Cash Account,Sales Revenue,8071.19,Cash sale to customer
1519,2025-06-02,Purchase,Inventory,Accounts Payable,12261.41,Raw materials purchased from supplier BrightTech
1520,2025-06-03,Rent,Rent Expense,Bank Account,15684.22,Monthly rent paid for office space
1521,2025-06-04,Sales,Accounts Receivable,Sales Revenue,17317.38,Credit sale to customer Nova Enterprises
1522,2025-06-05,Sales,Accounts Receivable,Sales Revenue,9538.02,Credit sale to customer XYZ Corp.
1523,2025-06-06,Cash Sale,Cash Account,Sales Revenue,6507.45,Cash sale to customer
1524,2025-06-07,Purchase,Inventory,Accounts Payable,15167.86,Raw materials purchased from supplier Global Suppliers
1525,2025-06-08,Interest Income,Bank Account,Interest Income,2869.29,Interest received from bank
1526,2025-06-09,Interest Income,Bank Account,Interest Income,1811.23,Interest received from bank
1527,2025-06-10,Sales,Accounts Receivable,Sales Revenue,19845.9,Credit sale to customer Nova Enterprises
1528,2025-06-11,Sales,Accounts Receivable,Sales Revenue,12307.89,Credit sale to customer Unity Inc.
1529,2025-06-12,Cash Sale,Cash Account,Sales Revenue,6638.16,Cash sale to customer
1530,2025-06-13,Depreciation,Depreciation Expense,Accumulated Depreciation,7097.37,Monthly depreciation for asset
1531,2025-06-14,Interest Income,Bank Account,Interest Income,11607.54,Interest received from bank
1532,2025-06-15,Depreciation,Depreciation Expense,Accumulated Depreciation,7199.56,Monthly depreciation for asset
1533,2025-06-16,Sales,Accounts Receivable,Sales Revenue,18722.66,Credit sale to customer Unity Inc.
1534,2025-06-17,Interest Income,Bank Account,Interest Income,4909.48,Interest received from bank
1535,2025-06-18,Purchase,Inventory,Accounts Payable,5646.95,Raw materials purchased from supplier ABC Pvt. Ltd.
1536,2025-06-19,Rent,Rent Expense,Bank Account,12289.96,Monthly rent paid for office space
1537,2025-06-20,Payroll,Salaries Expense,Bank Account,2505.88,Salary paid to employees
1538,2025-06-21,Payroll,Salaries Expense,Bank Account,13947.89,Salary paid to employees
1539,2025-06-22,Cash Sale,Cash Account,Sales Revenue,2403.07,Cash sale to customer
1540,2025-06-23,Loan Repayment,Loan Payable,Bank Account,12636.02,Loan repayment to bank
1541,2025-06-24,Depreciation,Depreciation Expense,Accumulated Depreciation,5016.79,Monthly depreciation for asset
1542,2025-06-25,Cash Sale,Cash Account,Sales Revenue,15262.44,Cash sale to customer
1543,2025-06-26,Payroll,Salaries Expense,Bank Account,7169.75,Salary paid to employees
1544,2025-06-27,Loan Repayment,Loan Payable,Bank Account,19188.33,Loan repayment to bank
1545,2025-06-28,Loan Repayment,Loan Payable,Bank Account,12501.14,Loan repayment to bank
1546,2025-06-29,Depreciation,Depreciation Expense,Accumulated Depreciation,3978.87,Monthly depreciation for asset
1547,2025-06-30,Sales,Accounts Receivable,Sales Revenue,15830.6,Credit sale to customer ABC Pvt. Ltd.
1548,2025-07-01,Payroll,Salaries Expense,Bank Account,9913.58,Salary paid to employees
1549,2025-07-02,Loan Repayment,Loan Payable,Bank Account,7002.13,Loan repayment to bank
1550,2025-07-03,Payroll,Salaries Expense,Bank Account,8907.61,Salary paid to employees
1551,2025-07-04,Rent,Rent Expense,Bank Account,13841.79,Monthly rent paid for office space
1552,2025-07-05,Payroll,Salaries Expense,Bank Account,17707.59,Salary paid to employees
1553,2025-07-06,Payroll,Salaries Expense,Bank Account,18877.17,Salary paid to employees
1554,2025-07-07,Interest Income,Bank Account,Interest Income,17181.35,Interest received from bank
1555,2025-07-08,Purchase,Inventory,Accounts Payable,14637.37,Raw materials purchased from supplier Unity Inc.
1556,2025-07-09,Loan Repayment,Loan Payable,Bank Account,1886.46,Loan repayment to bank
1557,2025-07-10,Sales,Accounts Receivable,Sales Revenue,13837.86,Credit sale to customer Unity Inc.
1558,2025-07-11,Rent,Rent Expense,Bank Account,8439.17,Monthly rent paid for office space
1559,2025-07-12,Payroll,Salaries Expense,Bank Account,4731.86,Salary paid to employees
1560,2025-07-13,Payroll,Salaries Expense,Bank Account,10191.77,Salary paid to employees
1561,2025-07-14,Cash Sale,Cash Account,Sales Revenue,3390.7,Cash sale to customer
1562,2025-07-15,Interest Income,Bank Account,Interest Income,4179.25,Interest received from bank
1563,2025-07-16,Interest Income,Bank Account,Interest Income,15163.89,Interest received from bank
1564,2025-07-17,Depreciation,Depreciation Expense,Accumulated Depreciation,12099.69,Monthly depreciation for asset
1565,2025-07-18,Interest Income,Bank Account,Interest Income,12909.1,Interest received from bank
1566,2025-07-19,Rent,Rent Expense,Bank Account,14236.01,Monthly rent paid for office space
1567,2025-07-20,Loan Repayment,Loan Payable,Bank Account,2138.09,Loan repayment to bank
1568,2025-07-21,Cash Sale,Cash Account,Sales Revenue,18742.98,Cash sale to customer
1569,2025-07-22,Purchase,Inventory,Accounts Payable,11211.57,Raw materials purchased from supplier Nova Enterprises
1570,2025-07-23,Sales,Accounts Receivable,Sales Revenue,2826.39,Credit sale to customer Unity Inc.
1571,2025-07-24,Sales,Accounts Receivable,Sales Revenue,19701.65,Credit sale to customer Unity Inc.
1572,2025-07-25,Depreciation,Depreciation Expense,Accumulated Depreciation,1919.18,Monthly depreciation for asset
1573,2025-07-26,Depreciation,Depreciation Expense,Accumulated Depreciation,19078.66,Monthly depreciation for asset
1574,2025-07-27,Loan Repayment,Loan Payable,Bank Account,11660.1,Loan repayment to bank
1575,2025-07-28,Sales,Accounts Receivable,Sales Revenue,19641.4,Credit sale to customer ABC Pvt. Ltd.
1576,2025-07-29,Depreciation,Depreciation Expense,Accumulated Depreciation,14658.79,Monthly depreciation for asset
1577,2025-07-30,Purchase,Inventory,Accounts Payable,18734.71,Raw materials purchased from supplier Global Suppliers
1578,2025-07-31,Interest Income,Bank Account,Interest Income,16658.49,Interest received from bank
1579,2025-08-01,Interest Income,Bank Account,Interest Income,11953.92,Interest received from bank
1580,2025-08-02,Payroll,Salaries Expense,Bank Account,13009.9,Salary paid to employees
1581,2025-08-03,Rent,Rent Expense,Bank Account,7395.54,Monthly rent paid for office space
1582,2025-08-04,Payroll,Salaries Expense,Bank Account,4853.56,Salary paid to employees
1583,2025-08-05,Cash Sale,Cash Account,Sales Revenue,13806.72,Cash sale to customer
1584,2025-08-06,Sales,Accounts Receivable,Sales Revenue,16908.98,Credit sale to customer ABC Pvt. Ltd.
1585,2025-08-07,Payroll,Salaries Expense,Bank Account,12720.61,Salary paid to employees
1586,2025-08-08,Payroll,Salaries Expense,Bank Account,6368.6,Salary paid to employees
1587,2025-08-09,Cash Sale,Cash Account,Sales Revenue,4789.95,Cash sale to customer
1588,2025-08-10,Depreciation,Depreciation Expense,Accumulated Depreciation,10597.27,Monthly depreciation for asset
1589,2025-08-11,Sales,Accounts Receivable,Sales Revenue,3624.56,Credit sale to customer ABC Pvt. Ltd.
1590,2025-08-12,Payroll,Salaries Expense,Bank Account,12606.86,Salary paid to employees
1591,2025-08-13,Purchase,Inventory,Accounts Payable,3516.96,Raw materials purchased from supplier Unity Inc.
1592,2025-08-14,Payroll,Salaries Expense,Bank Account,1365.22,Salary paid to employees
1593,2025-08-15,Cash Sale,Cash Account,Sales Revenue,16512.04,Cash sale to customer
1594,2025-08-16,Interest Income,Bank Account,Interest Income,10587.5,Interest received from bank
1595,2025-08-17,Depreciation,Depreciation Expense,Accumulated Depreciation,5906.79,Monthly depreciation for asset
1596,2025-08-18,Cash Sale,Cash Account,Sales Revenue,6171.21,Cash sale to customer
1597,2025-08-19,Interest Income,Bank Account,Interest Income,12700.04,Interest received from bank
1598,2025-08-20,Loan Repayment,Loan Payable,Bank Account,18544.19,Loan repayment to bank
1599,2025-08-21,Sales,Accounts Receivable,Sales Revenue,13368.3,Credit sale to customer BrightTech
1600,2025-08-22,Payroll,Salaries Expense,Bank Account,10363.68,Salary paid to employees
1601,2025-08-23,Sales,Accounts Receivable,Sales Revenue,15905.53,Credit sale to customer Global Suppliers
1602,2025-08-24,Sales,Accounts Receivable,Sales Revenue,3580.53,Credit sale to customer BrightTech
1603,2025-08-25,Interest Income,Bank Account,Interest Income,19926.15,Interest received from bank
1604,2025-08-26,Cash Sale,Cash Account,Sales Revenue,10328.13,Cash sale to customer
1605,2025-08-27,Purchase,Inventory,Accounts Payable,17042.37,Raw materials purchased from supplier Nova Enterprises
1606,2025-08-28,Loan Repayment,Loan Payable,Bank Account,14348.53,Loan repayment to bank
1607,2025-08-29,Interest Income,Bank Account,Interest Income,2716.8,Interest received from bank
1608,2025-08-30,Loan Repayment,Loan Payable,Bank Account,15865.01,Loan repayment to bank
1609,2025-08-31,Sales,Accounts Receivable,Sales Revenue,1582.31,Credit sale to customer BrightTech
1610,2025-09-01,Cash Sale,Cash Account,Sales Revenue,12017.83,Cash sale to customer
1611,2025-09-02,Purchase,Inventory,Accounts Payable,4600.42,Raw materials purchased from supplier Global Suppliers
1612,2025-09-03,Cash Sale,Cash Account,Sales Revenue,10115.16,Cash sale to customer
1613,2025-09-04,Payroll,Salaries Expense,Bank Account,1237.12,Salary paid to employees
1614,2025-09-05,Interest Income,Bank Account,Interest Income,1091.5,Interest received from bank
1615,2025-09-06,Cash Sale,Cash Account,Sales Revenue,10401.61,Cash sale to customer
1616,2025-09-07,Depreciation,Depreciation Expense,Accumulated Depreciation,3203.14,Monthly depreciation for asset
1617,2025-09-08,Interest Income,Bank Account,Interest Income,5734.63,Interest received from bank
1618,2025-09-09,Interest Income,Bank Account,Interest Income,15197.66,Interest received from bank
1619,2025-09-10,Purchase,Inventory,Accounts Payable,8875.22,Raw materials purchased from supplier Unity Inc.
1620,2025-09-11,Interest Income,Bank Account,Interest Income,2152.06,Interest received from bank
1621,2025-09-12,Rent,Rent Expense,Bank Account,13483.09,Monthly rent paid for office space
1622,2025-09-13,Interest Income,Bank Account,Interest Income,5023.99,Interest received from bank
1623,2025-09-14,Payroll,Salaries Expense,Bank Account,7492.13,Salary paid to employees
1624,2025-09-15,Purchase,Inventory,Accounts Payable,9806.43,Raw materials purchased from supplier Nova Enterprises
1625,2025-09-16,Rent,Rent Expense,Bank Account,19952.58,Monthly rent paid for office space
1626,2025-09-17,Purchase,Inventory,Accounts Payable,12744.08,Raw materials purchased from supplier Unity Inc.
1627,2025-09-18,Depreciation,Depreciation Expense,Accumulated Depreciation,11268.51,Monthly depreciation for asset
1628,2025-09-19,Payroll,Salaries Expense,Bank Account,8066.9,Salary paid to employees
1629,2025-09-20,Depreciation,Depreciation Expense,Accumulated Depreciation,19374.97,Monthly depreciation for asset
1630,2025-09-21,Loan Repayment,Loan Payable,Bank Account,15063.66,Loan repayment to bank
1631,2025-09-22,Payroll,Salaries Expense,Bank Account,12777.95,Salary paid to employees
1632,2025-09-23,Interest Income,Bank Account,Interest Income,1683.89,Interest received from bank
1633,2025-09-24,Sales,Accounts Receivable,Sales Revenue,3690.5,Credit sale to customer Global Suppliers
1634,2025-09-25,Rent,Rent Expense,Bank Account,2599.05,Monthly rent paid for office space
1635,2025-09-26,Purchase,Inventory,Accounts Payable,6106.37,Raw materials purchased from supplier Nova Enterprises
1636,2025-09-27,Cash Sale,Cash Account,Sales Revenue,7107.64,Cash sale to customer
1637,2025-09-28,Purchase,Inventory,Accounts Payable,14715.9,Raw materials purchased from supplier XYZ Corp.
1638,2025-09-29,Cash Sale,Cash Account,Sales Revenue,14712.2,Cash sale to customer
1639,2025-09-30,Rent,Rent Expense,Bank Account,4002.63,Monthly rent paid for office space
1640,2025-10-01,Sales,Accounts Receivable,Sales Revenue,8037.56,Credit sale to customer Global Suppliers
1641,2025-10-02,Cash Sale,Cash Account,Sales Revenue,7506.08,Cash sale to customer
1642,2025-10-03,Payroll,Salaries Expense,Bank Account,15199.8,Salary paid to employees
1643,2025-10-04,Purchase,Inventory,Accounts Payable,1672.05,Raw materials purchased from supplier Nova Enterprises
1644,2025-10-05,Loan Repayment,Loan Payable,Bank Account,7810.96,Loan repayment to bank
1645,2025-10-06,Rent,Rent Expense,Bank Account,9283.0,Monthly rent paid for office space
1646,2025-10-07,Sales,Accounts Receivable,Sales Revenue,16855.89,Credit sale to customer Nova Enterprises
1647,2025-10-08,Sales,Accounts Receivable,Sales Revenue,15558.63,Credit sale to customer XYZ Corp.
1648,2025-10-09,Payroll,Salaries Expense,Bank Account,15023.18,Salary paid to employees
1649,2025-10-10,Payroll,Salaries Expense,Bank Account,12992.17,Salary paid to employees
1650,2025-10-11,Cash Sale,Cash Account,Sales Revenue,5763.26,Cash sale to customer
1651,2025-10-12,Sales,Accounts Receivable,Sales Revenue,6888.83,Credit sale to customer ABC Pvt. Ltd.
1652,2025-10-13,Cash Sale,Cash Account,Sales Revenue,10902.86,Cash sale to customer
1653,2025-10-14,Payroll,Salaries Expense,Bank Account,11041.52,Salary paid to employees
1654,2025-10-15,Purchase,Inventory,Accounts Payable,10104.94,Raw materials purchased from supplier Global Suppliers
1655,2025-10-16,Cash Sale,Cash Account,Sales Revenue,14007.85,Cash sale to customer
1656,2025-10-17,Interest Income,Bank Account,Interest Income,16797.02,Interest received from bank
1657,2025-10-18,Loan Repayment,Loan Payable,Bank Account,16333.03,Loan repayment to bank
1658,2025-10-19,Rent,Rent Expense,Bank Account,10749.89,Monthly rent paid for office space
1659,2025-10-20,Sales,Accounts Receivable,Sales Revenue,19177.0,Credit sale to customer BrightTech
1660,2025-10-21,Interest Income,Bank Account,Interest Income,18418.49,Interest received from bank
1661,2025-10-22,Depreciation,Depreciation Expense,Accumulated Depreciation,18809.58,Monthly depreciation for asset
1662,2025-10-23,Rent,Rent Expense,Bank Account,7507.17,Monthly rent paid for office space
1663,2025-10-24,Rent,Rent Expense,Bank Account,10144.08,Monthly rent paid for office space
1664,2025-10-25,Loan Repayment,Loan Payable,Bank Account,9186.26,Loan repayment to bank
1665,2025-10-26,Purchase,Inventory,Accounts Payable,9552.19,Raw materials purchased from supplier XYZ Corp.
1666,2025-10-27,Payroll,Salaries Expense,Bank Account,7945.48,Salary paid to employees
1667,2025-10-28,Interest Income,Bank Account,Interest Income,9339.67,Interest received from bank
1668,2025-10-29,Loan Repayment,Loan Payable,Bank Account,5830.03,Loan repayment to bank
1669,2025-10-30,Depreciation,Depreciation Expense,Accumulated Depreciation,2005.2,Monthly depreciation for asset
1670,2025-10-31,Loan Repayment,Loan Payable,Bank Account,6917.4,Loan repayment to bank
1671,2025-11-01,Loan Repayment,Loan Payable,Bank Account,14616.91,Loan repayment to bank
1672,2025-11-02,Purchase,Inventory,Accounts Payable,10158.89,Raw materials purchased from supplier Nova Enterprises
1673,2025-11-03,Cash Sale,Cash Account,Sales Revenue,12988.84,Cash sale to customer
1674,2025-11-04,Rent,Rent Expense,Bank Account,4163.4,Monthly rent paid for office space
1675,2025-11-05,Payroll,Salaries Expense,Bank Account,16139.58,Salary paid to employees
1676,2025-11-06,Rent,Rent Expense,Bank Account,7538.89,Monthly rent paid for office space
1677,2025-11-07,Loan Repayment,Loan Payable,Bank Account,6008.45,Loan repayment to bank
1678,2025-11-08,Cash Sale,Cash Account,Sales Revenue,19079.29,Cash sale to customer
1679,2025-11-09,Loan Repayment,Loan Payable,Bank Account,4300.8,Loan repayment to bank
1680,2025-11-10,Sales,Accounts Receivable,Sales Revenue,6882.19,Credit sale to customer XYZ Corp.
1681,2025-11-11,Purchase,Inventory,Accounts Payable,4389.82,Raw materials purchased from supplier Unity Inc.
1682,2025-11-12,Rent,Rent Expense,Bank Account,13015.32,Monthly rent paid for office space
1683,2025-11-13,Interest Income,Bank Account,Interest Income,8395.37,Interest received from bank
1684,2025-11-14,Purchase,Inventory,Accounts Payable,8049.68,Raw materials purchased from supplier XYZ Corp.
1685,2025-11-15,Loan Repayment,Loan Payable,Bank Account,16825.13,Loan repayment to bank
1686,2025-11-16,Sales,Accounts Receivable,Sales Revenue,1836.66,Credit sale to customer Unity Inc.
1687,2025-11-17,Payroll,Salaries Expense,Bank Account,6195.98,Salary paid to employees
1688,2025-11-18,Payroll,Salaries Expense,Bank Account,2927.6,Salary paid to employees
1689,2025-11-19,Sales,Accounts Receivable,Sales Revenue,19858.85,Credit sale to customer Unity Inc.
1690,2025-11-20,Depreciation,Depreciation Expense,Accumulated Depreciation,5584.72,Monthly depreciation for asset
1691,2025-11-21,Rent,Rent Expense,Bank Account,8641.32,Monthly rent paid for office space
1692,2025-11-22,Sales,Accounts Receivable,Sales Revenue,18771.36,Credit sale to customer BrightTech
1693,2025-11-23,Cash Sale,Cash Account,Sales Revenue,17464.64,Cash sale to customer
1694,2025-11-24,Cash Sale,Cash Account,Sales Revenue,15962.32,Cash sale to customer
1695,2025-11-25,Cash Sale,Cash Account,Sales Revenue,17951.09,Cash sale to customer
1696,2025-11-26,Depreciation,Depreciation Expense,Accumulated Depreciation,16014.84,Monthly depreciation for asset
1697,2025-11-27,Cash Sale,Cash Account,Sales Revenue,15385.22,Cash sale to customer
1698,2025-11-28,Purchase,Inventory,Accounts Payable,2964.76,Raw materials purchased from supplier BrightTech
1699,2025-11-29,Sales,Accounts Receivable,Sales Revenue,11772.59,Credit sale to customer Unity Inc.
1700,2025-11-30,Sales,Accounts Receivable,Sales Revenue,7921.43,Credit sale to customer XYZ Corp.
1701,2025-12-01,Loan Repayment,Loan Payable,Bank Account,14605.44,Loan repayment to bank
1702,2025-12-02,Sales,Accounts Receivable,Sales Revenue,17327.9,Credit sale to customer Nova Enterprises
1703,2025-12-03,Cash Sale,Cash Account,Sales Revenue,18138.98,Cash sale to customer
1704,2025-12-04,Interest Income,Bank Account,Interest Income,2411.45,Interest received from bank
1705,2025-12-05,Sales,Accounts Receivable,Sales Revenue,2522.49,Credit sale to customer Nova Enterprises
1706,2025-12-06,Loan Repayment,Loan Payable,Bank Account,14681.5,Loan repayment to bank
1707,2025-12-07,Interest Income,Bank Account,Interest Income,9425.41,Interest received from bank
1708,2025-12-08,Depreciation,Depreciation Expense,Accumulated Depreciation,16688.46,Monthly depreciation for asset
1709,2025-12-09,Rent,Rent Expense,Bank Account,15984.84,Monthly rent paid for office space
1710,2025-12-10,Cash Sale,Cash Account,Sales Revenue,15635.93,Cash sale to customer
1711,2025-12-11,Depreciation,Depreciation Expense,Accumulated Depreciation,9996.59,Monthly depreciation for asset
1712,2025-12-12,Sales,Accounts Receivable,Sales Revenue,14982.92,Credit sale to customer Nova Enterprises
1713,2025-12-13,Purchase,Inventory,Accounts Payable,2309.67,Raw materials purchased from supplier Global Suppliers
1714,2025-12-14,Sales,Accounts Receivable,Sales Revenue,6377.46,Credit sale to customer Nova Enterprises
1715,2025-12-15,Sales,Accounts Receivable,Sales Revenue,15107.11,Credit sale to customer Unity Inc.
1716,2025-12-16,Loan Repayment,Loan Payable,Bank Account,4847.51,Loan repayment to bank
1717,2025-12-17,Interest Income,Bank Account,Interest Income,10122.8,Interest received from bank
1718,2025-12-18,Loan Repayment,Loan Payable,Bank Account,4054.67,Loan repayment to bank
1719,2025-12-19,Loan Repayment,Loan Payable,Bank Account,5534.71,Loan repayment to bank
1720,2025-12-20,Depreciation,Depreciation Expense,Accumulated Depreciation,15476.94,Monthly depreciation for asset
1721,2025-12-21,Purchase,Inventory,Accounts Payable,7372.01,Raw materials purchased from supplier Nova Enterprises
1722,2025-12-22,Interest Income,Bank Account,Interest Income,11385.89,Interest received from bank
1723,2025-12-23,Loan Repayment,Loan Payable,Bank Account,4609.81,Loan repayment to bank
1724,2025-12-24,Loan Repayment,Loan Payable,Bank Account,5430.92,Loan repayment to bank
1725,2025-12-25,Rent,Rent Expense,Bank Account,12361.48,Monthly rent paid for office space
1726,2025-12-26,Cash Sale,Cash Account,Sales Revenue,4710.4,Cash sale to customer
1727,2025-12-27,Rent,Rent Expense,Bank Account,8016.01,Monthly rent paid for office space
1728,2025-12-28,Interest Income,Bank Account,Interest Income,3878.22,Interest received from bank
1729,2025-12-29,Payroll,Salaries Expense,Bank Account,6078.14,Salary paid to employees
1730,2025-12-30,Sales,Accounts Receivable,Sales Revenue,4606.54,Credit sale to customer Nova Enterprises
1731,2025-12-31,Depreciation,Depreciation Expense,Accumulated Depreciation,1216.65,Monthly depreciation for asset
1732,2026-01-01,Interest Income,Bank Account,Interest Income,7560.87,Interest received from bank
1733,2026-01-02,Payroll,Salaries Expense,Bank Account,11415.69,Salary paid to employees
1734,2026-01-03,Loan Repayment,Loan Payable,Bank Account,11628.76,Loan repayment to bank
1735,2026-01-04,Depreciation,Depreciation Expense,Accumulated Depreciation,11325.97,Monthly depreciation for asset
1736,2026-01-05,Cash Sale,Cash Account,Sales Revenue,16208.74,Cash sale to customer
1737,2026-01-06,Purchase,Inventory,Accounts Payable,16735.86,Raw materials purchased from supplier Nova Enterprises
1738,2026-01-07,Payroll,Salaries Expense,Bank Account,10053.68,Salary paid to employees
1739,2026-01-08,Purchase,Inventory,Accounts Payable,14969.47,Raw materials purchased from supplier BrightTech
1740,2026-01-09,Loan Repayment,Loan Payable,Bank Account,15572.3,Loan repayment to bank
1741,2026-01-10,Loan Repayment,Loan Payable,Bank Account,2310.35,Loan repayment to bank
1742,2026-01-11,Depreciation,Depreciation Expense,Accumulated Depreciation,12589.08,Monthly depreciation for asset
1743,2026-01-12,Depreciation,Depreciation Expense,Accumulated Depreciation,18333.84,Monthly depreciation for asset
1744,2026-01-13,Sales,Accounts Receivable,Sales Revenue,18581.25,Credit sale to customer BrightTech
1745,2026-01-14,Payroll,Salaries Expense,Bank Account,18700.41,Salary paid to employees
1746,2026-01-15,Sales,Accounts Receivable,Sales Revenue,2404.23,Credit sale to customer ABC Pvt. Ltd.
1747,2026-01-16,Depreciation,Depreciation Expense,Accumulated Depreciation,16745.85,Monthly depreciation for asset
1748,2026-01-17,Rent,Rent Expense,Bank Account,14872.9,Monthly rent paid for office space
1749,2026-01-18,Rent,Rent Expense,Bank Account,1967.4,Monthly rent paid for office space
1750,2026-01-19,Purchase,Inventory,Accounts Payable,7014.18,Raw materials purchased from supplier XYZ Corp.
1751,2026-01-20,Loan Repayment,Loan Payable,Bank Account,3743.87,Loan repayment to bank
1752,2026-01-21,Loan Repayment,Loan Payable,Bank Account,19953.26,Loan repayment to bank
1753,2026-01-22,Sales,Accounts Receivable,Sales Revenue,15334.45,Credit sale to customer ABC Pvt. Ltd.
1754,2026-01-23,Purchase,Inventory,Accounts Payable,13038.52,Raw materials purchased from supplier XYZ Corp.
1755,2026-01-24,Sales,Accounts Receivable,Sales Revenue,16403.75,Credit sale to customer ABC Pvt. Ltd.
1756,2026-01-25,Sales,Accounts Receivable,Sales Revenue,3880.78,Credit sale to customer BrightTech
1757,2026-01-26,Sales,Accounts Receivable,Sales Revenue,16010.05,Credit sale to customer ABC Pvt. Ltd.
1758,2026-01-27,Rent,Rent Expense,Bank Account,13806.19,Monthly rent paid for office space
1759,2026-01-28,Loan Repayment,Loan Payable,Bank Account,7976.29,Loan repayment to bank
1760,2026-01-29,Depreciation,Depreciation Expense,Accumulated Depreciation,10315.65,Monthly depreciation for asset
1761,2026-01-30,Depreciation,Depreciation Expense,Accumulated Depreciation,5120.01,Monthly depreciation for asset
1762,2026-01-31,Payroll,Salaries Expense,Bank Account,6120.96,Salary paid to employees
1763,2026-02-01,Cash Sale,Cash Account,Sales Revenue,4863.26,Cash sale to customer
1764,2026-02-02,Cash Sale,Cash Account,Sales Revenue,4514.61,Cash sale to customer
1765,2026-02-03,Payroll,Salaries Expense,Bank Account,12570.27,Salary paid to employees
1766,2026-02-04,Interest Income,Bank Account,Interest Income,1607.41,Interest received from bank
1767,2026-02-05,Cash Sale,Cash Account,Sales Revenue,18271.32,Cash sale to customer
1768,2026-02-06,Payroll,Salaries Expense,Bank Account,9942.3,Salary paid to employees
1769,2026-02-07,Rent,Rent Expense,Bank Account,8358.78,Monthly rent paid for office space
1770,2026-02-08,Cash Sale,Cash Account,Sales Revenue,19997.69,Cash sale to customer
1771,2026-02-09,Sales,Accounts Receivable,Sales Revenue,3471.47,Credit sale to customer BrightTech
1772,2026-02-10,Purchase,Inventory,Accounts Payable,8512.25,Raw materials purchased from supplier Unity Inc.
1773,2026-02-11,Interest Income,Bank Account,Interest Income,9008.63,Interest received from bank
1774,2026-02-12,Payroll,Salaries Expense,Bank Account,2163.95,Salary paid to employees
1775,2026-02-13,Interest Income,Bank Account,Interest Income,19385.32,Interest received from bank
1776,2026-02-14,Rent,Rent Expense,Bank Account,6383.08,Monthly rent paid for office space
1777,2026-02-15,Loan Repayment,Loan Payable,Bank Account,7212.28,Loan repayment to bank
1778,2026-02-16,Loan Repayment,Loan Payable,Bank Account,12762.21,Loan repayment to bank
1779,2026-02-17,Cash Sale,Cash Account,Sales Revenue,3765.19,Cash sale to customer
1780,2026-02-18,Purchase,Inventory,Accounts Payable,8754.86,Raw materials purchased from supplier Unity Inc.
1781,2026-02-19,Sales,Accounts Receivable,Sales Revenue,17755.96,Credit sale to customer Nova Enterprises
1782,2026-02-20,Payroll,Salaries Expense,Bank Account,13222.47,Salary paid to employees
1783,2026-02-21,Depreciation,Depreciation Expense,Accumulated Depreciation,9938.12,Monthly depreciation for asset
1784,2026-02-22,Payroll,Salaries Expense,Bank Account,8815.74,Salary paid to employees
1785,2026-02-23,Cash Sale,Cash Account,Sales Revenue,17935.64,Cash sale to customer
1786,2026-02-24,Loan Repayment,Loan Payable,Bank Account,12029.69,Loan repayment to bank
1787,2026-02-25,Depreciation,Depreciation Expense,Accumulated Depreciation,17531.19,Monthly depreciation for asset
1788,2026-02-26,Cash Sale,Cash Account,Sales Revenue,11995.25,Cash sale to customer
1789,2026-02-27,Payroll,Salaries Expense,Bank Account,15527.93,Salary paid to employees
1790,2026-02-28,Cash Sale,Cash Account,Sales Revenue,6561.2,Cash sale to customer
1791,2026-03-01,Cash Sale,Cash Account,Sales Revenue,19471.52,Cash sale to customer
1792,2026-03-02,Interest Income,Bank Account,Interest Income,3582.14,Interest received from bank
1793,2026-03-03,Cash Sale,Cash Account,Sales Revenue,17362.88,Cash sale to customer
1794,2026-03-04,Sales,Accounts Receivable,Sales Revenue,5059.9,Credit sale to customer Unity Inc.
1795,2026-03-05,Sales,Accounts Receivable,Sales Revenue,9911.64,Credit sale to customer Global Suppliers
1796,2026-03-06,Payroll,Salaries Expense,Bank Account,18122.67,Salary paid to employees
1797,2026-03-07,Sales,Accounts Receivable,Sales Revenue,5078.89,Credit sale to customer BrightTech
1798,2026-03-08,Sales,Accounts Receivable,Sales Revenue,9168.54,Credit sale to customer XYZ Corp.
1799,2026-03-09,Interest Income,Bank Account,Interest Income,1076.59,Interest received from bank
1800,2026-03-10,Sales,Accounts Receivable,Sales Revenue,18611.52,Credit sale to customer Unity Inc.
1801,2026-03-11,Cash Sale,Cash Account,Sales Revenue,15505.46,Cash sale to customer
1802,2026-03-12,Depreciation,Depreciation Expense,Accumulated Depreciation,6968.42,Monthly depreciation for asset
1803,2026-03-13,Loan Repayment,Loan Payable,Bank Account,9891.56,Loan repayment to bank
1804,2026-03-14,Rent,Rent Expense,Bank Account,5623.61,Monthly rent paid for office space
1805,2026-03-15,Cash Sale,Cash Account,Sales Revenue,19773.75,Cash sale to customer
1806,2026-03-16,Payroll,Salaries Expense,Bank Account,19636.0,Salary paid to employees
1807,2026-03-17,Depreciation,Depreciation Expense,Accumulated Depreciation,13188.1,Monthly depreciation for asset
1808,2026-03-18,Interest Income,Bank Account,Interest Income,18192.18,Interest received from bank
1809,2026-03-19,Interest Income,Bank Account,Interest Income,10023.61,Interest received from bank
1810,2026-03-20,Cash Sale,Cash Account,Sales Revenue,2889.17,Cash sale to customer
1811,2026-03-21,Payroll,Salaries Expense,Bank Account,15636.96,Salary paid to employees
1812,2026-03-22,Loan Repayment,Loan Payable,Bank Account,4469.3,Loan repayment to bank
1813,2026-03-23,Payroll,Salaries Expense,Bank Account,15813.91,Salary paid to employees
1814,2026-03-24,Purchase,Inventory,Accounts Payable,4363.58,Raw materials purchased from supplier Nova Enterprises
1815,2026-03-25,Loan Repayment,Loan Payable,Bank Account,15461.99,Loan repayment to bank
1816,2026-03-26,Depreciation,Depreciation Expense,Accumulated Depreciation,14003.05,Monthly depreciation for asset
1817,2026-03-27,Interest Income,Bank Account,Interest Income,11691.77,Interest received from bank
1818,2026-03-28,Purchase,Inventory,Accounts Payable,8360.66,Raw materials purchased from supplier XYZ Corp.
1819,2026-03-29,Depreciation,Depreciation Expense,Accumulated Depreciation,10819.28,Monthly depreciation for asset
1820,2026-03-30,Payroll,Salaries Expense,Bank Account,18469.67,Salary paid to employees
1821,2026-03-31,Payroll,Salaries Expense,Bank Account,7833.29,Salary paid to employees
1822,2026-04-01,Payroll,Salaries Expense,Bank Account,12997.05,Salary paid to employees
1823,2026-04-02,Rent,Rent Expense,Bank Account,6582.81,Monthly rent paid for office space
1824,2026-04-03,Depreciation,Depreciation Expense,Accumulated Depreciation,10921.4,Monthly depreciation for asset
1825,2026-04-04,Payroll,Salaries Expense,Bank Account,19286.38,Salary paid to employees
1826,2026-04-05,Purchase,Inventory,Accounts Payable,19958.56,Raw materials purchased from supplier Nova Enterprises
1827,2026-04-06,Rent,Rent Expense,Bank Account,3814.12,Monthly rent paid for office space
1828,2026-04-07,Rent,Rent Expense,Bank Account,8740.93,Monthly rent paid for office space
1829,2026-04-08,Cash Sale,Cash Account,Sales Revenue,19542.62,Cash sale to customer
1830,2026-04-09,Rent,Rent Expense,Bank Account,5346.3,Monthly rent paid for office space
1831,2026-04-10,Sales,Accounts Receivable,Sales Revenue,14855.2,Credit sale to customer XYZ Corp.
1832,2026-04-11,Depreciation,Depreciation Expense,Accumulated Depreciation,13705.71,Monthly depreciation for asset
1833,2026-04-12,Payroll,Salaries Expense,Bank Account,15741.29,Salary paid to employees
1834,2026-04-13,Depreciation,Depreciation Expense,Accumulated Depreciation,19823.75,Monthly depreciation for asset
1835,2026-04-14,Depreciation,Depreciation Expense,Accumulated Depreciation,4584.3,Monthly depreciation for asset
1836,2026-04-15,Interest Income,Bank Account,Interest Income,3823.94,Interest received from bank
1837,2026-04-16,Loan Repayment,Loan Payable,Bank Account,19053.15,Loan repayment to bank
1838,2026-04-17,Purchase,Inventory,Accounts Payable,12303.61,Raw materials purchased from supplier Global Suppliers
1839,2026-04-18,Purchase,Inventory,Accounts Payable,1296.96,Raw materials purchased from supplier Unity Inc.
1840,2026-04-19,Interest Income,Bank Account,Interest Income,13576.41,Interest received from bank
1841,2026-04-20,Payroll,Salaries Expense,Bank Account,14729.49,Salary paid to employees
1842,2026-04-21,Rent,Rent Expense,Bank Account,3131.87,Monthly rent paid for office space
1843,2026-04-22,Loan Repayment,Loan Payable,Bank Account,16820.19,Loan repayment to bank
1844,2026-04-23,Interest Income,Bank Account,Interest Income,1220.04,Interest received from bank
1845,2026-04-24,Rent,Rent Expense,Bank Account,16837.41,Monthly rent paid for office space
1846,2026-04-25,Interest Income,Bank Account,Interest Income,16330.39,Interest received from bank
1847,2026-04-26,Sales,Accounts Receivable,Sales Revenue,6493.39,Credit sale to customer XYZ Corp.
1848,2026-04-27,Purchase,Inventory,Accounts Payable,4122.36,Raw materials purchased from supplier Global Suppliers
1849,2026-04-28,Interest Income,Bank Account,Interest Income,8457.77,Interest received from bank
1850,2026-04-29,Purchase,Inventory,Accounts Payable,8220.52,Raw materials purchased from supplier ABC Pvt. Ltd.
1851,2026-04-30,Interest Income,Bank Account,Interest Income,16722.87,Interest received from bank
1852,2026-05-01,Rent,Rent Expense,Bank Account,5065.28,Monthly rent paid for office space
1853,2026-05-02,Purchase,Inventory,Accounts Payable,4297.44,Raw materials purchased from supplier ABC Pvt. Ltd.
1854,2026-05-03,Sales,Accounts Receivable,Sales Revenue,12476.35,Credit sale to customer Unity Inc.
1855,2026-05-04,Loan Repayment,Loan Payable,Bank Account,9370.74,Loan repayment to bank
1856,2026-05-05,Purchase,Inventory,Accounts Payable,17873.35,Raw materials purchased from supplier Nova Enterprises
1857,2026-05-06,Depreciation,Depreciation Expense,Accumulated Depreciation,9141.3,Monthly depreciation for asset
1858,2026-05-07,Payroll,Salaries Expense,Bank Account,12127.35,Salary paid to employees
1859,2026-05-08,Loan Repayment,Loan Payable,Bank Account,6843.55,Loan repayment to bank
1860,2026-05-09,Payroll,Salaries Expense,Bank Account,7312.77,Salary paid to employees
1861,2026-05-10,Sales,Accounts Receivable,Sales Revenue,10945.2,Credit sale to customer Global Suppliers
1862,2026-05-11,Loan Repayment,Loan Payable,Bank Account,3731.17,Loan repayment to bank
1863,2026-05-12,Depreciation,Depreciation Expense,Accumulated Depreciation,1790.03,Monthly depreciation for asset
1864,2026-05-13,Cash Sale,Cash Account,Sales Revenue,16479.73,Cash sale to customer
1865,2026-05-14,Interest Income,Bank Account,Interest Income,8158.28,Interest received from bank
1866,2026-05-15,Payroll,Salaries Expense,Bank Account,17012.53,Salary paid to employees
1867,2026-05-16,Interest Income,Bank Account,Interest Income,10383.79,Interest received from bank
1868,2026-05-17,Depreciation,Depreciation Expense,Accumulated Depreciation,16726.89,Monthly depreciation for asset
1869,2026-05-18,Purchase,Inventory,Accounts Payable,11781.96,Raw materials purchased from supplier Global Suppliers
1870,2026-05-19,Interest Income,Bank Account,Interest Income,10369.27,Interest received from bank
1871,2026-05-20,Loan Repayment,Loan Payable,Bank Account,5290.4,Loan repayment to bank
1872,2026-05-21,Loan Repayment,Loan Payable,Bank Account,5614.9,Loan repayment to bank
1873,2026-05-22,Purchase,Inventory,Accounts Payable,9106.08,Raw materials purchased from supplier BrightTech
1874,2026-05-23,Depreciation,Depreciation Expense,Accumulated Depreciation,1857.47,Monthly depreciation for asset
1875,2026-05-24,Sales,Accounts Receivable,Sales Revenue,2322.79,Credit sale to customer ABC Pvt. Ltd.
1876,2026-05-25,Interest Income,Bank Account,Interest Income,7005.79,Interest received from bank
1877,2026-05-26,Loan Repayment,Loan Payable,Bank Account,19490.73,Loan repayment to bank
1878,2026-05-27,Cash Sale,Cash Account,Sales Revenue,16769.47,Cash sale to customer
1879,2026-05-28,Sales,Accounts Receivable,Sales Revenue,11327.61,Credit sale to customer Unity Inc.
1880,2026-05-29,Payroll,Salaries Expense,Bank Account,5688.25,Salary paid to employees
1881,2026-05-30,Cash Sale,Cash Account,Sales Revenue,13104.4,Cash sale to customer
1882,2026-05-31,Payroll,Salaries Expense,Bank Account,8806.63,Salary paid to employees
1883,2026-06-01,Purchase,Inventory,Accounts Payable,18407.45,Raw materials purchased from supplier XYZ Corp.
1884,2026-06-02,Rent,Rent Expense,Bank Account,9299.16,Monthly rent paid for office space
1885,2026-06-03,Depreciation,Depreciation Expense,Accumulated Depreciation,15804.84,Monthly depreciation for asset
1886,2026-06-04,Depreciation,Depreciation Expense,Accumulated Depreciation,14962.12,Monthly depreciation for asset
1887,2026-06-05,Depreciation,Depreciation Expense,Accumulated Depreciation,7311.68,Monthly depreciation for asset
1888,2026-06-06,Loan Repayment,Loan Payable,Bank Account,16185.06,Loan repayment to bank
1889,2026-06-07,Sales,Accounts Receivable,Sales Revenue,17153.16,Credit sale to customer ABC Pvt. Ltd.
1890,2026-06-08,Payroll,Salaries Expense,Bank Account,4621.68,Salary paid to employees
1891,2026-06-09,Purchase,Inventory,Accounts Payable,11904.89,Raw materials purchased from supplier ABC Pvt. Ltd.
1892,2026-06-10,Loan Repayment,Loan Payable,Bank Account,9715.69,Loan repayment to bank
1893,2026-06-11,Interest Income,Bank Account,Interest Income,19729.08,Interest received from bank
1894,2026-06-12,Depreciation,Depreciation Expense,Accumulated Depreciation,1850.45,Monthly depreciation for asset
1895,2026-06-13,Interest Income,Bank Account,Interest Income,2389.99,Interest received from bank
1896,2026-06-14,Cash Sale,Cash Account,Sales Revenue,7336.85,Cash sale to customer
1897,2026-06-15,Depreciation,Depreciation Expense,Accumulated Depreciation,4876.13,Monthly depreciation for asset
1898,2026-06-16,Depreciation,Depreciation Expense,Accumulated Depreciation,18700.39,Monthly depreciation for asset
1899,2026-06-17,Cash Sale,Cash Account,Sales Revenue,7286.73,Cash sale to customer
1900,2026-06-18,Payroll,Salaries Expense,Bank Account,9233.1,Salary paid to employees
1901,2026-06-19,Payroll,Salaries Expense,Bank Account,5918.47,Salary paid to employees
1902,2026-06-20,Interest Income,Bank Account,Interest Income,9961.53,Interest received from bank
1903,2026-06-21,Cash Sale,Cash Account,Sales Revenue,18496.23,Cash sale to customer
1904,2026-06-22,Cash Sale,Cash Account,Sales Revenue,1411.32,Cash sale to customer
1905,2026-06-23,Loan Repayment,Loan Payable,Bank Account,13104.02,Loan repayment to bank
1906,2026-06-24,Depreciation,Depreciation Expense,Accumulated Depreciation,2427.2,Monthly depreciation for asset
1907,2026-06-25,Loan Repayment,Loan Payable,Bank Account,1174.57,Loan repayment to bank
1908,2026-06-26,Sales,Accounts Receivable,Sales Revenue,1039.42,Credit sale to customer Global Suppliers
1909,2026-06-27,Rent,Rent Expense,Bank Account,19355.08,Monthly rent paid for office space
1910,2026-06-28,Purchase,Inventory,Accounts Payable,14486.25,Raw materials purchased from supplier Unity Inc.
1911,2026-06-29,Loan Repayment,Loan Payable,Bank Account,19713.84,Loan repayment to bank
1912,2026-06-30,Payroll,Salaries Expense,Bank Account,18068.2,Salary paid to employees
1913,2026-07-01,Purchase,Inventory,Accounts Payable,3367.66,Raw materials purchased from supplier ABC Pvt. Ltd.
1914,2026-07-02,Purchase,Inventory,Accounts Payable,6818.05,Raw materials purchased from supplier Nova Enterprises
1915,2026-07-03,Purchase,Inventory,Accounts Payable,18076.03,Raw materials purchased from supplier ABC Pvt. Ltd.
1916,2026-07-04,Depreciation,Depreciation Expense,Accumulated Depreciation,18936.46,Monthly depreciation for asset
1917,2026-07-05,Rent,Rent Expense,Bank Account,17162.17,Monthly rent paid for office space
1918,2026-07-06,Loan Repayment,Loan Payable,Bank Account,13028.4,Loan repayment to bank
1919,2026-07-07,Cash Sale,Cash Account,Sales Revenue,18057.59,Cash sale to customer
1920,2026-07-08,Purchase,Inventory,Accounts Payable,2888.69,Raw materials purchased from supplier Unity Inc.
1921,2026-07-09,Rent,Rent Expense,Bank Account,18470.6,Monthly rent paid for office space
1922,2026-07-10,Purchase,Inventory,Accounts Payable,5804.01,Raw materials purchased from supplier XYZ Corp.
1923,2026-07-11,Cash Sale,Cash Account,Sales Revenue,15920.82,Cash sale to customer
1924,2026-07-12,Payroll,Salaries Expense,Bank Account,8634.66,Salary paid to employees
1925,2026-07-13,Rent,Rent Expense,Bank Account,18794.58,Monthly rent paid for office space
1926,2026-07-14,Purchase,Inventory,Accounts Payable,10011.77,Raw materials purchased from supplier Unity Inc.
1927,2026-07-15,Interest Income,Bank Account,Interest Income,4172.24,Interest received from bank
1928,2026-07-16,Rent,Rent Expense,Bank Account,12627.12,Monthly rent paid for office space
1929,2026-07-17,Interest Income,Bank Account,Interest Income,5093.52,Interest received from bank
1930,2026-07-18,Loan Repayment,Loan Payable,Bank Account,13241.13,Loan repayment to bank
1931,2026-07-19,Rent,Rent Expense,Bank Account,10478.72,Monthly rent paid for office space
1932,2026-07-20,Interest Income,Bank Account,Interest Income,2530.73,Interest received from bank
1933,2026-07-21,Loan Repayment,Loan Payable,Bank Account,14083.02,Loan repayment to bank
1934,2026-07-22,Loan Repayment,Loan Payable,Bank Account,17658.63,Loan repayment to bank
1935,2026-07-23,Sales,Accounts Receivable,Sales Revenue,13465.66,Credit sale to customer Nova Enterprises
1936,2026-07-24,Purchase,Inventory,Accounts Payable,16842.94,Raw materials purchased from supplier BrightTech
1937,2026-07-25,Depreciation,Depreciation Expense,Accumulated Depreciation,12013.27,Monthly depreciation for asset
1938,2026-07-26,Interest Income,Bank Account,Interest Income,7287.04,Interest received from bank
1939,2026-07-27,Loan Repayment,Loan Payable,Bank Account,7363.33,Loan repayment to bank
1940,2026-07-28,Rent,Rent Expense,Bank Account,7428.86,Monthly rent paid for office space
1941,2026-07-29,Payroll,Salaries Expense,Bank Account,18469.44,Salary paid to employees
1942,2026-07-30,Sales,Accounts Receivable,Sales Revenue,13871.88,Credit sale to customer ABC Pvt. Ltd.
1943,2026-07-31,Purchase,Inventory,Accounts Payable,1487.05,Raw materials purchased from supplier ABC Pvt. Ltd.
1944,2026-08-01,Cash Sale,Cash Account,Sales Revenue,7042.21,Cash sale to customer
1945,2026-08-02,Loan Repayment,Loan Payable,Bank Account,5448.2,Loan repayment to bank
1946,2026-08-03,Rent,Rent Expense,Bank Account,2248.39,Monthly rent paid for office space
1947,2026-08-04,Loan Repayment,Loan Payable,Bank Account,1494.12,Loan repayment to bank
1948,2026-08-05,Purchase,Inventory,Accounts Payable,4059.12,Raw materials purchased from supplier ABC Pvt. Ltd.
1949,2026-08-06,Depreciation,Depreciation Expense,Accumulated Depreciation,8805.09,Monthly depreciation for asset
1950,2026-08-07,Depreciation,Depreciation Expense,Accumulated Depreciation,17940.06,Monthly depreciation for asset
1951,2026-08-08,Depreciation,Depreciation Expense,Accumulated Depreciation,6758.06,Monthly depreciation for asset
1952,2026-08-09,Cash Sale,Cash Account,Sales Revenue,5220.66,Cash sale to customer
1953,2026-08-10,Payroll,Salaries Expense,Bank Account,2838.53,Salary paid to employees
1954,2026-08-11,Loan Repayment,Loan Payable,Bank Account,18353.79,Loan repayment to bank
1955,2026-08-12,Depreciation,Depreciation Expense,Accumulated Depreciation,17375.7,Monthly depreciation for asset
1956,2026-08-13,Depreciation,Depreciation Expense,Accumulated Depreciation,15410.55,Monthly depreciation for asset
1957,2026-08-14,Payroll,Salaries Expense,Bank Account,3322.83,Salary paid to employees
1958,2026-08-15,Interest Income,Bank Account,Interest Income,6536.84,Interest received from bank
1959,2026-08-16,Depreciation,Depreciation Expense,Accumulated Depreciation,19180.47,Monthly depreciation for asset
1960,2026-08-17,Cash Sale,Cash Account,Sales Revenue,12823.08,Cash sale to customer
1961,2026-08-18,Cash Sale,Cash Account,Sales Revenue,3394.32,Cash sale to customer
1962,2026-08-19,Interest Income,Bank Account,Interest Income,5061.44,Interest received from bank
1963,2026-08-20,Rent,Rent Expense,Bank Account,18920.28,Monthly rent paid for office space
1964,2026-08-21,Interest Income,Bank Account,Interest Income,15907.51,Interest received from bank
1965,2026-08-22,Sales,Accounts Receivable,Sales Revenue,11509.86,Credit sale to customer Unity Inc.
1966,2026-08-23,Purchase,Inventory,Accounts Payable,2699.25,Raw materials purchased from supplier BrightTech
1967,2026-08-24,Payroll,Salaries Expense,Bank Account,17425.49,Salary paid to employees
1968,2026-08-25,Sales,Accounts Receivable,Sales Revenue,4415.09,Credit sale to customer Unity Inc.
1969,2026-08-26,Cash Sale,Cash Account,Sales Revenue,13724.52,Cash sale to customer
1970,2026-08-27,Cash Sale,Cash Account,Sales Revenue,18208.17,Cash sale to customer
1971,2026-08-28,Depreciation,Depreciation Expense,Accumulated Depreciation,4314.29,Monthly depreciation for asset
1972,2026-08-29,Interest Income,Bank Account,Interest Income,17759.17,Interest received from bank
1973,2026-08-30,Rent,Rent Expense,Bank Account,6707.48,Monthly rent paid for office space
1974,2026-08-31,Cash Sale,Cash Account,Sales Revenue,5635.29,Cash sale to customer
1975,2026-09-01,Sales,Accounts Receivable,Sales Revenue,13217.86,Credit sale to customer Global Suppliers
1976,2026-09-02,Rent,Rent Expense,Bank Account,15755.77,Monthly rent paid for office space
1977,2026-09-03,Cash Sale,Cash Account,Sales Revenue,8490.57,Cash sale to customer
1978,2026-09-04,Interest Income,Bank Account,Interest Income,5733.07,Interest received from bank
1979,2026-09-05,Sales,Accounts Receivable,Sales Revenue,4202.75,Credit sale to customer BrightTech
1980,2026-09-06,Purchase,Inventory,Accounts Payable,11308.13,Raw materials purchased from supplier Unity Inc.
1981,2026-09-07,Depreciation,Depreciation Expense,Accumulated Depreciation,13189.43,Monthly depreciation for asset
1982,2026-09-08,Rent,Rent Expense,Bank Account,12747.73,Monthly rent paid for office space
1983,2026-09-09,Cash Sale,Cash Account,Sales Revenue,19292.68,Cash sale to customer
1984,2026-09-10,Cash Sale,Cash Account,Sales Revenue,15749.12,Cash sale to customer
1985,2026-09-11,Loan Repayment,Loan Payable,Bank Account,2755.53,Loan repayment to bank
1986,2026-09-12,Payroll,Salaries Expense,Bank Account,7537.13,Salary paid to employees
1987,2026-09-13,Interest Income,Bank Account,Interest Income,15148.7,Interest received from bank
1988,2026-09-14,Loan Repayment,Loan Payable,Bank Account,9107.2,Loan repayment to bank
1989,2026-09-15,Rent,Rent Expense,Bank Account,5852.24,Monthly rent paid for office space
1990,2026-09-16,Depreciation,Depreciation Expense,Accumulated Depreciation,12101.44,Monthly depreciation for asset
1991,2026-09-17,Sales,Accounts Receivable,Sales Revenue,18718.34,Credit sale to customer Unity Inc.
1992,2026-09-18,Cash Sale,Cash Account,Sales Revenue,4519.21,Cash sale to customer
1993,2026-09-19,Sales,Accounts Receivable,Sales Revenue,3370.18,Credit sale to customer Unity Inc.
1994,2026-09-20,Interest Income,Bank Account,Interest Income,14022.09,Interest received from bank
1995,2026-09-21,Interest Income,Bank Account,Interest Income,3814.47,Interest received from bank
1996,2026-09-22,Sales,Accounts Receivable,Sales Revenue,2263.76,Credit sale to customer ABC Pvt. Ltd.
1997,2026-09-23,Rent,Rent Expense,Bank Account,6924.66,Monthly rent paid for office space
1998,2026-09-24,Sales,Accounts Receivable,Sales Revenue,17799.91,Credit sale to customer XYZ Corp.
1999,2026-09-25,Loan Repayment,Loan Payable,Bank Account,18815.83,Loan repayment to bank
2000,2026-09-26,Rent,Rent Expense,Bank Account,18824.25,Monthly rent paid for office space
